SKU,Name,Category,Brand,Seller,Color,Balance,Balance FBS,Comments,Final price,Max price,Min price,Average price,Sales,Revenue,Revenue potential,Revenue average,Lost profit,Lost profit percent,URL,Thumb,Days in stock,Days with sales,Average if in stock,Rating,Basic Sale,Basic Sale Price,Promo Sale,Base price,SPP,SPP Price,FBS,Subject ID,Category Position,Categories Last Count,Sales Per Day Average,Country,Gender,First Date,First Comment Date,Pics Count,Has 3D,Hax Video,Comments Valuation,Card Rating,Subject,Purchase,Purchase After Return,13.02.2023 Sales,14.02.2023 Sales,15.02.2023 Sales,16.02.2023 Sales,17.02.2023 Sales,18.02.2023 Sales,19.02.2023 Sales,20.02.2023 Sales,21.02.2023 Sales,22.02.2023 Sales,23.02.2023 Sales,24.02.2023 Sales,25.02.2023 Sales,26.02.2023 Sales,27.02.2023 Sales,28.02.2023 Sales,01.03.2023 Sales,02.03.2023 Sales,03.03.2023 Sales,04.03.2023 Sales,05.03.2023 Sales,06.03.2023 Sales,07.03.2023 Sales,08.03.2023 Sales,09.03.2023 Sales,10.03.2023 Sales,11.03.2023 Sales,12.03.2023 Sales,13.03.2023 Sales,14.03.2023 Sales,13.02.2023 Revenue,14.02.2023 Revenue,15.02.2023 Revenue,16.02.2023 Revenue,17.02.2023 Revenue,18.02.2023 Revenue,19.02.2023 Revenue,20.02.2023 Revenue,21.02.2023 Revenue,22.02.2023 Revenue,23.02.2023 Revenue,24.02.2023 Revenue,25.02.2023 Revenue,26.02.2023 Revenue,27.02.2023 Revenue,28.02.2023 Revenue,01.03.2023 Revenue,02.03.2023 Revenue,03.03.2023 Revenue,04.03.2023 Revenue,05.03.2023 Revenue,06.03.2023 Revenue,07.03.2023 Revenue,08.03.2023 Revenue,09.03.2023 Revenue,10.03.2023 Revenue,11.03.2023 Revenue,12.03.2023 Revenue,13.03.2023 Revenue,14.03.2023 Revenue,13.02.2023 Stocks,14.02.2023 Stocks,15.02.2023 Stocks,16.02.2023 Stocks,17.02.2023 Stocks,18.02.2023 Stocks,19.02.2023 Stocks,20.02.2023 Stocks,21.02.2023 Stocks,22.02.2023 Stocks,23.02.2023 Stocks,24.02.2023 Stocks,25.02.2023 Stocks,26.02.2023 Stocks,27.02.2023 Stocks,28.02.2023 Stocks,01.03.2023 Stocks,02.03.2023 Stocks,03.03.2023 Stocks,04.03.2023 Stocks,05.03.2023 Stocks,06.03.2023 Stocks,07.03.2023 Stocks,08.03.2023 Stocks,09.03.2023 Stocks,10.03.2023 Stocks,11.03.2023 Stocks,12.03.2023 Stocks,13.03.2023 Stocks,14.03.2023 Stocks
59154199,Купальник раздельный с высокой талией,Женщинам/Пляжная мода/Купальники/Раздельный купальник,Sheldi,ИП Шеленина Юлия Анатольевна,"голубой,белый",459,0,266,4435,4483,4435,4439.1937,950,4217234,"4362655,8621","140574,4667","145421,8621","3,3333",https://www.wildberries.ru/catalog/59154199/detail.aspx,https://basket-04.wb.ru/vol591/part59154/59154199/images/c246x328/1.jpg,29,29,"32,7586",5,6,4435,0,4719,24,3371,1,89,1,2,"31,6667",Китай,Женский,2022-01-22,2022-02-24,7,0,0,"4,6",80,Белье / Раздельный купальник,42,38,34,27,22,29,25,24,33,29,31,34,28,15,27,42,38,42,31,26,45,47,32,41,27,34,59,42,6,0,32,48,152422,121041,98626,128615,110875,106440,146355,128615,137485,150790,124180,66525,119745,186270,168530,186270,137485,115310,199575,208445,141920,181835,119745,150790,261665,186270,26610,0,141920,212880,740,714,695,672,644,622,607,577,548,520,511,543,520,490,455,419,391,667,623,582,554,517,490,460,404,370,471,0,503,459
28753583,Слитный купальник женский утягивающий спорт большие размеры,Женщинам/Пляжная мода/Купальники/Слитный купальник,Pantacolla,ИП Суряднов Михаил Андреевич,черный,701,0,1945,2994,3120,2994,3031.007,1144,3467472,3467472,"115582,4",0,0,https://www.wildberries.ru/catalog/28753583/detail.aspx,https://basket-02.wb.ru/vol287/part28753/28753583/images/c246x328/1.jpg,30,30,"38,1333",5,40,2994,0,4990,23,2305,1,90,8,2,"38,1333",Россия,Женский,2021-06-08,2021-06-20,8,0,1,"4,5",100,Белье / Слитный купальник,46,41,45,45,64,38,24,25,28,36,31,24,44,27,39,39,38,64,30,55,45,48,47,20,18,33,38,34,31,49,31,54,140400,140400,199680,118560,74880,78000,87360,112320,96720,71856,131736,80838,116766,116766,113772,191616,89820,164670,134730,143712,140718,59880,53892,98802,113772,101796,92814,146706,92814,161676,343,318,259,225,283,260,238,259,316,298,262,247,225,192,218,163,350,304,343,312,281,496,501,483,669,651,645,616,739,701
111391697,Купальник слитный женский корректирующий для бассейна,Женщинам/Пляжная мода/Купальники/Слитный купальник,Delyamer swim,ИП Медведев А Л,черный,718,1,502,2795,3055,2210,2609.1981,1166,3042325,3042325,"101410,8333",0,0,https://www.wildberries.ru/catalog/111391697/detail.aspx,https://basket-07.wb.ru/vol1113/part111391/111391697/images/c246x328/1.jpg,30,30,"38,8667",5,57,2795,0,6500,23,2152,1,90,15,2,"38,8667",Китай,Женский,2022-07-02,2022-07-05,5,0,1,"4,5",90,Белье / Слитный купальник,46,41,43,30,43,32,16,22,42,35,53,35,55,44,43,31,51,40,38,33,25,22,107,66,56,69,49,12,19,17,10,28,114595,79950,114595,85280,42640,58630,111930,93275,141245,95550,150150,120120,117390,84630,139230,109200,103740,90090,68250,60060,236470,145860,123760,152490,149695,36660,58045,51935,28600,78260,201,181,142,113,108,165,126,461,401,371,324,282,308,441,401,376,353,409,395,469,718,652,586,518,570,598,597,690,716,718
50052655,Купальник раздельный женский со шнуровкой,Женщинам/Пляжная мода/Купальники/Раздельный купальник,MIYAMI,ИП Соломянников Дмитрий Евгеньевич,"черный,чернильный",302,1,986,2799,2799,2799,2799.0,1080,3022920,3022920,100764,0,0,https://www.wildberries.ru/catalog/50052655/detail.aspx,https://basket-04.wb.ru/vol500/part50052/50052655/images/c246x328/1.jpg,30,30,36,5,77,2799,0,12170,23,2155,1,89,2,2,36,Россия,Женский,2021-12-02,2020-06-20,7,0,0,"4,5",87,Белье / Раздельный купальник,42,38,38,27,39,40,21,21,36,32,29,39,31,27,37,61,48,50,42,48,36,38,56,28,20,22,21,30,24,57,41,41,106362,75573,109161,111960,58779,58779,100764,89568,81171,109161,86769,75573,103563,170739,134352,139950,117558,134352,100764,106362,156744,78372,55980,61578,58779,83970,67176,159543,114759,114759,214,194,156,115,329,310,278,254,223,190,170,171,431,362,314,266,226,188,316,278,223,191,166,162,145,122,122,379,337,302
110802959,Слитный сплошной закрытый купальник больших размеров,Женщинам/Пляжная мода/Купальники/Слитный купальник,ЛАУРА,ИП Кораблев Николай Алексеевич,черный,1208,0,218,2835,3060,2700,2865.6646,948,2716650,2716650,90555,0,0,https://www.wildberries.ru/catalog/110802959/detail.aspx,https://basket-07.wb.ru/vol1108/part110802/110802959/images/c246x328/1.jpg,30,30,"31,6",5,37,2835,0,4500,23,2182,1,90,10,2,"31,6",Россия,Женский,2022-07-04,2022-07-11,20,0,1,"4,8",80,Белье / Слитный купальник,46,41,71,52,30,22,14,19,30,25,24,21,18,34,33,43,38,40,43,33,32,38,32,21,24,33,37,18,27,43,32,21,191700,140400,91800,67320,42840,58140,91800,76500,73440,64260,55080,96390,93555,121905,107730,113400,121905,93555,90720,107730,90720,59535,68040,93555,104895,51030,76545,121905,90720,59535,1395,1348,1316,1304,1292,1272,1367,1381,1469,1459,1445,1416,1508,1469,1431,1386,1350,1321,1290,1258,1233,1229,1210,1187,1162,1152,1270,1242,1216,1208
53006134,"Слитный Купальник женский на пляж, сплошной спортивный для бассейна утягивающий, большие размеры",Женщинам/Пляжная мода/Купальники/Слитный купальник,BUSTOGRAM SWIM,ООО АМА,"черный,чернильный,иссиня-черный,горький шоколад,графит,прозрачный",414,0,1154,1975,1975,1975,1975.0,1283,2533925,2533925,"84464,1667",0,0,https://www.wildberries.ru/catalog/53006134/detail.aspx,https://basket-04.wb.ru/vol530/part53006/53006134/images/c246x328/1.jpg,30,30,"42,7667",5,56,1975,0,4490,23,1521,1,90,9,2,"42,7667",Россия,Женский,2021-12-17,2021-12-20,13,0,1,"4,8",100,Белье / Слитный купальник,46,41,54,30,50,44,30,37,38,19,43,20,17,24,29,42,30,45,35,42,67,40,30,48,39,61,54,41,59,72,49,94,106650,59250,98750,86900,59250,73075,75050,37525,84925,39500,33575,47400,57275,82950,59250,88875,69125,82950,132325,79000,59250,94800,77025,120475,106650,80975,116525,142200,96775,185650,157,134,84,171,139,158,153,206,164,440,650,635,652,614,588,611,597,539,478,446,459,445,415,361,502,461,409,543,496,414
13437098,Слитный Купальник,Женщинам/Пляжная мода/Купальники/Слитный купальник,KICKERS,ИП Павлова Марина Алексеевна,"ярко-розовый,черный",649,2,1972,3066,3099,3066,3084.2693,802,2473584,2473584,"82452,8",0,0,https://www.wildberries.ru/catalog/13437098/detail.aspx,https://basket-01.wb.ru/vol134/part13437/13437098/images/c246x328/1.jpg,30,30,"26,7333",5,69,3066,0,9893,24,2330,1,90,19,2,"26,7333",Россия,Женский,2020-07-12,2020-07-16,8,0,0,"4,7",83,Белье / Слитный купальник,46,41,30,28,24,25,21,31,27,19,14,17,18,19,23,21,35,32,30,30,33,33,30,25,18,33,38,32,36,33,23,24,92970,86772,74376,77475,65079,96069,83673,58881,43386,52683,55782,58881,71277,65079,108465,99168,92970,92970,101178,101178,91980,76650,55188,101178,116508,98112,110376,101178,70518,73584,855,841,824,800,789,764,770,752,746,744,767,758,773,758,727,703,679,667,634,623,664,646,643,619,606,582,556,679,673,649
75391781,Купальник раздельный женский корректирующий бразилиана,Женщинам/Пляжная мода/Купальники/Раздельный купальник,Delyamer swim,ИП Медведев А Л,оранжевый,325,1,1336,3090,3090,2111,2513.5949,980,2463323,"2548265,1724","82110,7667","84942,1724","3,3333",https://www.wildberries.ru/catalog/75391781/detail.aspx,https://basket-05.wb.ru/vol753/part75391/75391781/images/c246x328/1.jpg,29,29,"33,7931",5,40,3090,0,5150,24,2348,1,89,5,2,"32,6667",Китай,Женский,2022-04-27,2022-04-13,6,0,1,"4,4",87,Белье / Раздельный купальник,42,38,18,18,33,32,25,20,38,30,23,35,29,93,120,79,75,27,11,28,27,22,0,16,11,49,36,18,13,24,15,15,47268,47268,86658,84032,65650,52520,99788,78780,60398,91910,76154,196323,253320,166769,158325,70902,31724,80752,77868,63448,0,42016,28886,128674,111240,55620,40170,74160,46350,46350,359,352,326,301,281,316,281,409,392,370,346,255,130,120,50,29,34,149,134,133,0,278,280,239,271,270,289,314,320,325
59970270,Раздельный женский купальник для бассейна,Женщинам/Пляжная мода/Купальники/Раздельный купальник,marco swim,ИП Фингерман,черный,388,1,1174,2622,2682,2622,2639.0387,905,2388330,2388330,79611,0,0,https://www.wildberries.ru/catalog/59970270/detail.aspx,https://basket-04.wb.ru/vol599/part59970/59970270/images/c246x328/1.jpg,30,30,"30,1667",4,56,2622,0,5960,23,2019,1,89,4,2,"30,1667",Россия,Женский,2022-02-03,2022-02-25,9,0,0,"4,4",80,Белье / Раздельный купальник,42,38,12,14,26,25,22,28,36,30,24,20,20,20,32,31,29,38,44,35,35,40,36,23,16,48,47,24,36,41,43,30,32184,37548,69732,67050,59004,75096,96552,80460,64368,53640,53640,52440,83904,81282,76038,99636,115368,91770,91770,104880,94392,60306,41952,125856,123234,62928,94392,107502,112746,78660,621,619,625,605,602,582,584,561,549,536,575,564,550,581,557,525,497,469,440,429,399,398,482,442,406,391,362,338,347,388
60788746,Женский купальник слитный закрытый для бассейна новинки 2022 пляжный сплошной спортивный утягивающий,Женщинам/Пляжная мода/Купальники/Слитный купальник,DINARIN,ИП Абраамян Д С,"черный,красный",847,1,300,3595,3595,3091,3478.8571,672,2337792,2337792,"77926,4",0,0,https://www.wildberries.ru/catalog/60788746/detail.aspx,https://basket-04.wb.ru/vol607/part60788/60788746/images/c246x328/1.jpg,30,30,"22,4",5,50,3595,0,7190,24,2732,1,90,24,2,"22,4",Китай,Женский,2022-02-16,2022-02-18,14,0,0,"4,7",97,Белье / Слитный купальник,46,41,18,23,21,27,26,34,29,28,15,21,27,28,22,23,30,24,23,23,13,22,16,13,6,27,21,17,22,35,14,24,55638,71093,64911,83457,89726,117334,100079,96628,51765,72471,93177,96628,77506,81029,107850,86280,82685,82685,46735,79090,57520,46735,21570,97065,75495,61115,79090,125825,50330,86280,681,665,650,630,610,580,555,528,516,496,479,459,442,428,406,385,369,356,352,339,329,331,349,332,324,314,301,273,742,847
65165369,купальник женский слитные утягивающие купальник спортивный ,Женщинам/Пляжная мода/Купальники/Слитный купальник,Dirais,ИП Пасека И А,черный,321,0,1068,2381,3129,1837,2727.5945,794,2165710,2165710,"72190,3333",0,0,https://www.wildberries.ru/catalog/65165369/detail.aspx,https://basket-04.wb.ru/vol651/part65165/65165369/images/c246x328/1.jpg,30,30,"26,4667",5,65,2381,0,6804,23,1833,1,90,18,2,"26,4667",Китай,Женский,2022-03-02,2022-03-21,17,0,1,"4,7",100,Белье / Слитный купальник,46,41,32,28,23,31,83,24,28,23,27,13,9,11,15,17,25,24,39,51,43,37,44,28,5,13,23,19,12,13,16,38,100128,87612,71967,96999,152471,75096,87612,71967,84483,40677,28161,34419,46935,53193,78225,75096,95511,124899,105307,90613,107756,68572,15305,39793,70403,46531,36732,39793,48976,90478,256,235,215,185,501,471,448,434,499,499,561,608,609,588,569,552,523,476,436,411,371,344,356,361,354,341,333,343,344,321
83315806,Купальник слитный женский сплошной закрытый утягивающий пляжная мода,Женщинам/Пляжная мода/Купальники/Слитный купальник,Delyamer swim,ИП Петренко Галина Ивановна,"черный,черный графит",411,2,2632,3068,3068,2592,2633.5695,813,2141092,2141092,"71369,7333",0,0,https://www.wildberries.ru/catalog/83315806/detail.aspx,https://basket-05.wb.ru/vol833/part83315/83315806/images/c246x328/1.jpg,30,30,"27,1",5,42,3068,0,5290,24,2331,1,90,22,2,"27,1",Китай,Женский,2022-05-26,2021-05-01,3,0,0,"4,8",93,Белье / Слитный купальник,46,41,52,37,51,31,26,24,28,36,28,12,36,31,22,19,48,29,28,22,39,47,38,26,8,24,19,15,14,7,7,9,134784,95904,132192,80352,67392,62208,72576,93312,72576,31104,93312,80352,57024,49248,124416,75168,72576,57024,101088,121824,98496,67392,20736,62208,58292,46020,42952,21476,21476,27612,434,417,371,347,336,386,373,475,463,464,436,417,425,473,429,418,405,416,384,347,312,291,294,296,307,317,330,392,403,411
114529541,Купальник раздельный женский большие размеры ,Женщинам/Пляжная мода/Купальники/Раздельный купальник,Delyamer swim,ИП Медведев А Л,"чернильный,черный",751,4,1140,2813,3055,2134,2425.2372,839,2034774,"2104938,6207","67825,8","70164,6207","3,3333",https://www.wildberries.ru/catalog/114529541/detail.aspx,https://basket-08.wb.ru/vol1145/part114529/114529541/images/c246x328/1.jpg,29,29,"28,931",5,42,2813,0,4850,23,2166,1,89,6,2,"27,9667",Китай,Женский,2022-07-30,2022-05-19,5,0,0,"4,8",83,Белье / Раздельный купальник,42,38,26,18,22,25,36,29,29,32,22,28,32,20,16,20,24,34,76,56,44,46,0,39,21,48,35,15,17,9,11,9,65572,45396,55484,63050,90792,73138,73138,80704,55484,70616,80704,50440,40352,50440,60528,85748,162184,119504,93896,98164,0,83226,44814,102432,106925,45825,51935,27495,31471,25317,617,607,585,565,546,547,523,575,559,539,514,503,539,693,675,647,572,527,481,434,0,364,353,324,524,530,524,729,744,751
33267595,Купальник раздельный стринги,Женщинам/Пляжная мода/Купальники/Раздельный купальник,DETACHED,ИП Побат Никита Олегович,черный,1620,0,1518,1289,1769,1229,1509.5962,1325,2000215,2000215,"66673,8333",-0,-0,https://www.wildberries.ru/catalog/33267595/detail.aspx,https://basket-03.wb.ru/vol332/part33267/33267595/images/c246x328/1.jpg,30,30,"44,1667",5,57,1289,0,2999,23,992,1,89,25,1,"44,1667",Россия,Женский,2021-06-27,2021-07-01,4,0,0,"4,6",87,Белье / Раздельный купальник,42,38,116,66,27,27,15,21,37,27,32,34,38,24,26,55,30,35,38,25,36,45,43,57,46,39,59,63,65,85,49,65,142564,81114,47763,47763,26085,36519,64343,46953,55648,59126,66082,41736,45214,95645,52170,60865,66082,43475,62604,78255,74777,76893,62054,52611,79591,84987,87685,114665,63161,83785,1614,1553,2059,2045,2050,2039,2012,2003,1970,1950,1932,1927,1910,1865,1844,1815,1785,2082,2051,2015,1971,1922,1854,1975,1923,1867,1806,1728,1680,1620
34507957,Женский раздельный купальник с шортами,Женщинам/Пляжная мода/Купальники/Раздельный купальник,Lanna,ООО Ланна,"черный,белый",116,0,456,2142,2142,2142,2142.0,932,1996344,1996344,"66544,8",0,0,https://www.wildberries.ru/catalog/34507957/detail.aspx,https://basket-03.wb.ru/vol345/part34507/34507957/images/c246x328/1.jpg,30,30,"31,0667",4,76,2142,0,8929,23,1650,1,89,8,2,"31,0667",Китай,Женский,2021-07-28,2021-08-08,8,0,0,"4,3",80,Белье / Раздельный купальник,42,38,27,18,49,22,24,16,35,16,22,27,31,24,32,31,54,27,40,22,39,35,33,31,29,45,51,42,32,28,24,26,57834,38556,104958,47124,51408,34272,74970,34272,47124,57834,66402,51408,68544,66402,115668,57834,85680,47124,83538,74970,70686,66402,62118,96390,109242,89964,68544,59976,51408,55692,228,219,175,192,258,251,222,215,194,162,279,262,229,204,152,126,84,66,161,140,112,308,283,242,207,183,155,136,128,116
81178464,Купальник женский раздельный,Женщинам/Пляжная мода/Купальники/Раздельный купальник,Lovel noir,ИП Рогожина Надежда Николаевна,черный,564,2,180,2450,2450,2050,2218.8282,879,1950350,1950350,"65011,6667",0,0,https://www.wildberries.ru/catalog/81178464/detail.aspx,https://basket-05.wb.ru/vol811/part81178/81178464/images/c246x328/1.jpg,30,30,"29,3",5,51,2450,0,5000,23,1886,1,89,3,2,"29,3",Россия,Женский,2022-05-29,2022-06-06,19,0,0,"4,5",70,Белье / Раздельный купальник,42,38,30,33,35,29,32,24,42,26,39,33,21,32,27,42,41,25,44,37,14,28,21,31,16,27,23,30,28,22,28,19,61500,69300,73500,60900,67200,50400,88200,54600,81900,69300,44100,67200,56700,88200,86100,52500,96800,85100,32200,64400,51450,75950,39200,66150,56350,73500,68600,53900,68600,46550,118,302,263,239,205,286,246,223,178,251,233,197,172,134,94,253,213,174,165,143,425,394,539,517,502,469,448,486,569,564
91153021,купальник женский слитные утягивающие купальник спортивный ,Женщинам/Пляжная мода/Купальники/Слитный купальник,Dirais,ИП Пасека И А,"синий,голубой,голубино-синий,королевский синий,сигнальный синий",384,1,1068,3061,3129,2177,2694.4819,718,1934638,"2001349,6552","64487,9333","66711,6552","3,3333",https://www.wildberries.ru/catalog/91153021/detail.aspx,https://basket-05.wb.ru/vol911/part91153/91153021/images/c246x328/1.jpg,29,29,"24,7586",5,55,3061,0,6804,24,2326,1,90,23,2,"23,9333",Китай,Женский,2022-06-30,2022-03-21,9,0,1,"4,7",97,Белье / Слитный купальник,46,41,18,8,10,11,14,20,22,19,23,19,10,14,11,18,15,17,10,26,31,24,0,33,24,33,36,47,75,92,28,10,39186,17416,31290,34419,43806,62580,68838,59451,71967,59451,31290,43806,34419,56322,46935,53193,26530,68978,82243,63672,0,87549,63672,87549,95508,124691,163275,200284,85708,30610,16,12,4,1,475,454,430,456,551,536,635,781,850,836,828,817,807,789,761,741,0,682,661,634,605,564,484,395,377,384
71537467,Купальник женский корректирующий,Женщинам/Пляжная мода/Купальники/Слитный купальник,365.SOWELL,Мануфактуры 365,черный,1312,0,939,1988,1988,1468,1710.8449,1122,1919568,1919568,"63985,6",0,0,https://www.wildberries.ru/catalog/71537467/detail.aspx,https://basket-04.wb.ru/vol715/part71537/71537467/images/c246x328/1.jpg,30,30,"37,4",4,35,1988,0,3059,23,1531,1,90,16,2,"37,4",Россия,Женский,2022-05-01,2022-05-05,13,0,0,"4,4",80,Белье / Слитный купальник,46,41,91,38,45,47,39,43,53,45,19,34,39,43,48,27,50,46,32,27,21,20,50,47,15,58,38,29,25,26,11,16,133588,65094,77085,80511,66807,73659,90789,77085,32547,58242,66807,73659,82224,46251,85650,78798,53824,45414,35322,33640,84100,79054,25230,97556,63916,57652,49700,51688,21868,31808,936,897,850,803,759,715,661,619,1111,1084,1044,1005,963,947,906,867,840,818,821,1318,1269,1328,1315,1266,1227,1218,1230,1284,1306,1312
111094566,Купальник раздельный больших размеров корректирующий,Женщинам/Пляжная мода/Купальники/Раздельный купальник,Delyamer swim,ИП Медведев А Л,чернильный,768,2,731,2587,2760,2242,2511.6942,762,1913911,1913911,"63797,0333",0,0,https://www.wildberries.ru/catalog/111094566/detail.aspx,https://basket-07.wb.ru/vol1110/part111094/111094566/images/c246x328/1.jpg,30,30,"25,4",5,55,2587,0,5750,23,1992,1,89,12,2,"25,4",Китай,Женский,2022-07-01,2022-07-01,4,0,1,"4,7",93,Белье / Раздельный купальник,42,38,31,26,24,27,24,25,29,22,22,25,23,26,17,14,16,24,48,31,32,51,37,29,8,38,20,26,20,23,11,13,81995,68770,63480,71415,63480,66125,76705,58190,58190,66125,60835,68770,44965,37030,42320,63480,107616,69502,71744,114342,82954,65018,17936,85196,55200,71760,55200,63480,28457,33631,704,687,669,646,632,618,596,583,576,563,548,530,551,681,673,658,623,602,583,553,522,505,496,462,706,688,682,737,755,768
66725581,Купальник женский раздельный с высокой посадкой спортивный,Женщинам/Пляжная мода/Купальники/Раздельный купальник,Larisabelle,ИП Зинченко Л В,черный,124,0,319,2772,2772,2572,2627.9163,717,1884216,"1949188,9655","62807,2","64972,9655","3,3333",https://www.wildberries.ru/catalog/66725581/detail.aspx,https://basket-04.wb.ru/vol667/part66725/66725581/images/c246x328/1.jpg,29,29,"24,7241",5,64,2772,0,7700,23,2134,1,89,186,1,"23,9",Китай,Женский,2022-03-06,2022-03-20,13,0,1,"4,7",87,Белье / Раздельный купальник,42,38,29,11,34,24,34,33,43,31,20,20,23,21,28,40,22,34,53,24,37,28,0,5,9,24,22,17,15,16,9,11,75951,28809,89046,62856,88434,84876,110596,79732,51440,51440,59156,54012,72016,102880,56584,87448,136316,64128,98864,74816,0,13860,24948,66528,60984,47124,41580,44352,24948,30492,185,186,157,237,235,200,162,144,133,115,101,92,269,237,222,194,143,127,97,73,0,54,60,153,139,132,129,124,125,124
70078537,Раздельный купальник с высокой посадкой,Женщинам/Пляжная мода/Купальники/Раздельный купальник,Sheldi,ИП Шеленина Юлия Анатольевна,леопардовый,434,0,431,2085,2085,2085,2085.0,859,1791015,"1852774,1379","59700,5","61759,1379","3,3333",https://www.wildberries.ru/catalog/70078537/detail.aspx,https://basket-04.wb.ru/vol700/part70078/70078537/images/c246x328/1.jpg,29,29,"29,6207",5,21,2085,0,2640,23,1605,1,89,10,2,"28,6333",Китай,Женский,2022-03-24,2022-02-04,7,0,0,"4,4",70,Белье / Раздельный купальник,42,38,26,25,28,26,23,24,32,26,19,30,24,32,20,27,27,56,25,44,48,35,53,20,28,45,23,46,12,0,19,16,54210,52125,58380,54210,47955,50040,66720,54210,39615,62550,50040,66720,41700,56295,56295,116760,52125,91740,100080,72975,110505,41700,58380,93825,47955,95910,25020,0,39615,33360,619,601,581,563,555,676,663,638,618,593,649,705,692,670,646,592,575,626,584,553,501,487,459,422,408,367,386,0,439,434
29368883,Купальник слитный женский сплошной закрытый утягивающий спортивный для бассейна пляжная мода,Женщинам/Пляжная мода/Купальники/Слитный купальник,Delyamer swim,ИП Петренко Галина Ивановна,черный,453,1,872,3068,3068,2645,2695.3268,664,1789697,1789697,"59656,5667",0,0,https://www.wildberries.ru/catalog/29368883/detail.aspx,https://basket-03.wb.ru/vol293/part29368/29368883/images/c246x328/1.jpg,30,30,"22,1333",5,42,3068,0,5290,24,2331,1,90,38,2,"22,1333",Китай,Женский,2021-05-30,2021-06-04,6,0,1,"4,7",100,Белье / Слитный купальник,46,41,20,25,39,24,15,16,30,17,26,21,20,21,29,36,40,26,29,22,27,22,18,29,19,14,22,14,9,17,5,12,52900,66125,103155,63480,39675,42320,79350,44965,68770,55545,52900,55545,76705,95220,105800,68770,76705,58190,71415,58190,47610,76705,50255,37030,67496,42952,27612,52156,15340,36816,626,613,586,566,561,561,533,586,567,565,554,538,513,529,484,472,453,441,419,412,401,391,385,387,375,378,392,454,453,453
79708671,Купальник женский раздельный бикини,Женщинам/Пляжная мода/Купальники/Раздельный купальник,Semer_Store,ИП Семернина Д С,бежевый,113,0,492,2150,3500,1700,2404.8649,740,1779600,1779600,59320,0,0,https://www.wildberries.ru/catalog/79708671/detail.aspx,https://basket-05.wb.ru/vol797/part79708/79708671/images/c246x328/1.jpg,30,30,"24,6667",4,57,2150,0,5000,23,1655,1,89,9,1,"24,6667",Китай,Женский,2022-05-13,2022-05-21,4,0,1,"4,3",80,Белье / Раздельный купальник,42,38,17,13,9,4,22,73,80,36,13,19,10,11,14,10,8,10,3,6,5,7,8,41,17,23,35,22,63,66,45,50,47600,33800,23400,10400,37400,124100,196000,88200,31850,46550,30000,38500,49000,35000,28000,35000,10500,21000,17500,24500,20800,106600,44200,59800,91000,47300,135450,141900,96750,107500,53,45,34,33,216,219,115,77,61,46,38,29,28,25,22,22,27,26,24,21,14,444,419,393,360,340,273,202,156,113
56905094,Раздельный купальник женский для пляжа,Женщинам/Пляжная мода/Купальники/Раздельный купальник,BUSTOGRAM SWIM,ООО АМА,черный,369,0,407,2092,2092,1999,2003.2034,885,1772835,1772835,"59094,5",0,0,https://www.wildberries.ru/catalog/56905094/detail.aspx,https://basket-04.wb.ru/vol569/part56905/56905094/images/c246x328/1.jpg,30,30,"29,5",5,55,2092,0,4650,23,1611,1,89,7,2,"29,5",Россия,Женский,2022-01-05,2022-01-17,10,0,1,"4,7",100,Белье / Раздельный купальник,42,38,32,34,32,32,33,14,43,40,36,26,34,35,30,31,36,18,14,30,30,25,27,23,22,37,23,35,24,27,22,40,63968,67966,63968,63968,65967,27986,85957,79960,71964,51974,67966,69965,59970,61969,71964,35982,27986,59970,59970,49975,53973,45977,43978,73963,45977,69965,47976,53973,43978,83680,318,280,257,261,233,222,215,180,152,214,222,322,298,276,251,280,410,393,371,352,386,367,347,326,314,284,273,411,393,369
30011628,Купальник слитный с чашкой закрытый больших размеров бассейн,Женщинам/Пляжная мода/Купальники/Слитный купальник,Aesthetic brand,ИП Корнюхин Михаил Сергеевич,черный,1551,0,2922,2082,2082,2082,2082.0,848,1765536,1765536,"58851,2",0,0,https://www.wildberries.ru/catalog/30011628/detail.aspx,https://basket-03.wb.ru/vol300/part30011/30011628/images/c246x328/1.jpg,30,30,"28,2667",5,61,2082,0,5340,23,1603,1,90,21,2,"28,2667",Китай,Женский,2021-06-06,2021-06-15,18,0,1,"4,8",100,Белье / Слитный купальник,46,41,31,32,28,30,31,29,26,26,18,32,24,25,12,28,40,25,16,22,31,42,34,18,6,22,32,40,28,42,44,34,64542,66624,58296,62460,64542,60378,54132,54132,37476,66624,49968,52050,24984,58296,83280,52050,33312,45804,64542,87444,70788,37476,12492,45804,66624,83280,58296,87444,91608,70788,1121,1107,1089,1064,1038,1015,1469,1494,1483,1457,1435,1418,1419,1402,1373,1357,1673,1793,1768,1731,1756,1741,1745,1731,1707,1676,1657,1617,1578,1551
36930918,Слитный купальник женский утягивающий,Женщинам/Пляжная мода/Купальники/Слитный купальник,Incanto,ООО Альфа Текстайлз,бирюзовый,324,0,268,6577,6665,6398,6543.7925,265,1734105,1734105,"57803,5",0,0,https://www.wildberries.ru/catalog/36930918/detail.aspx,https://basket-03.wb.ru/vol369/part36930/36930918/images/c246x328/1.jpg,30,30,"8,8333",5,0,6577,0,6577,24,4998,1,90,42,2,"8,8333",Китай,Женский,1970-01-01,2019-10-18,5,0,0,"4,5",80,Белье / Слитный купальник,46,41,9,4,4,9,8,2,9,8,4,11,12,7,4,18,11,10,7,8,13,7,13,11,8,8,13,10,16,8,9,4,59985,26660,26660,59985,53320,13330,59985,52616,26308,72347,78924,46039,26308,118386,72347,65770,44786,51184,83174,44786,83174,70378,51184,51184,83174,66650,106640,53320,59193,26308,26,23,25,20,15,17,10,147,145,136,124,122,199,188,180,181,180,181,178,182,288,284,278,275,266,259,247,243,241,324
9165486,Слитный купальник женский утягивающий,Женщинам/Пляжная мода/Купальники/Слитный купальник,Incanto,ООО Альфа Текстайлз,черный,473,3,268,6577,6665,6577,6632.6322,261,1731117,1731117,"57703,9",0,0,https://www.wildberries.ru/catalog/9165486/detail.aspx,https://basket-01.wb.ru/vol91/part9165/9165486/images/c246x328/1.jpg,30,30,"8,7",5,0,6577,0,6577,24,4998,1,90,62,2,"8,7",Китай,Женский,2020-01-25,2019-10-18,5,0,0,"4,5",80,Белье / Слитный купальник,46,41,14,6,4,18,7,8,9,8,5,13,8,18,14,7,13,1,7,8,9,5,9,9,4,13,17,6,4,8,3,6,93310,39990,26660,119970,46655,53320,59985,52616,32885,85501,52616,118386,92078,46039,85501,6577,46655,53320,59985,33325,59985,59985,26660,86645,113305,39990,26660,53320,19731,39462,417,419,425,413,414,410,409,465,468,468,466,454,442,437,427,435,434,431,431,445,469,467,477,468,454,451,453,453,462,473
15873724,Купальник раздельный женский,Женщинам/Пляжная мода/Купальники/Раздельный купальник,MIYAMI,ИП Соломянников Дмитрий Евгеньевич,"белый,бело-зеленый",321,0,733,2698,2698,2698,2698.0,640,1726720,1726720,"57557,3333",0,0,https://www.wildberries.ru/catalog/15873724/detail.aspx,https://basket-02.wb.ru/vol158/part15873/15873724/images/c246x328/1.jpg,30,30,"21,3333",5,82,2698,0,14994,23,2078,1,89,15,2,"21,3333",Россия,Женский,2020-10-22,2020-11-25,3,0,0,"4,6",93,Белье / Раздельный купальник,42,38,22,16,20,14,12,16,16,14,22,18,25,12,29,53,24,16,18,21,20,27,39,17,7,33,30,27,17,18,14,23,59356,43168,53960,37772,32376,43168,43168,37772,59356,48564,67450,32376,78242,142994,64752,43168,48564,56658,53960,72846,105222,45866,18886,89034,80940,72846,45866,48564,37772,62054,377,365,355,350,453,438,422,409,395,378,356,519,610,561,536,523,514,501,490,469,431,425,418,393,373,345,343,334,330,321
44721046,Слитный Купальник,Женщинам/Пляжная мода/Купальники/Слитный купальник,BY TATYANA DMITRIYEVA,ИП Дмитриева,черный,527,1,1250,3000,3000,3000,3000.0,565,1695000,1695000,56500,0,0,https://www.wildberries.ru/catalog/44721046/detail.aspx,https://basket-04.wb.ru/vol447/part44721/44721046/images/c246x328/1.jpg,30,30,"18,8333",5,40,3000,0,5000,24,2280,1,90,45,2,"18,8333",Россия,Женский,2021-11-02,2021-11-16,5,0,1,"4,5",83,Белье / Слитный купальник,46,41,31,27,32,31,13,17,25,11,24,13,16,22,21,21,11,25,25,19,21,13,23,16,6,10,17,10,23,10,17,15,93000,81000,96000,93000,39000,51000,75000,33000,72000,39000,48000,66000,63000,63000,33000,75000,75000,57000,63000,39000,69000,48000,18000,30000,51000,30000,69000,30000,51000,45000,602,586,556,530,527,513,496,488,471,464,455,438,421,408,562,546,533,524,506,508,495,562,560,558,547,553,534,542,535,527
79708673,Купальник женский раздельный бикини,Женщинам/Пляжная мода/Купальники/Раздельный купальник,Semer_Store,ИП Семернина Д С,черный,165,0,492,2150,3500,2150,2515.3274,672,1690300,1690300,"56343,3333",0,0,https://www.wildberries.ru/catalog/79708673/detail.aspx,https://basket-05.wb.ru/vol797/part79708/79708673/images/c246x328/1.jpg,30,30,"22,4",4,57,2150,0,5000,23,1655,1,89,92,1,"22,4",Китай,Женский,2022-05-13,2022-05-21,4,0,1,"4,3",80,Белье / Раздельный купальник,42,38,34,23,28,20,13,15,17,16,15,24,10,8,12,8,5,11,9,10,12,7,24,36,27,24,33,27,44,68,62,30,83300,56350,68600,49000,31850,36750,41650,39200,36750,58800,30000,28000,42000,28000,17500,38500,31500,35000,42000,24500,62400,93600,70200,62400,85800,58050,94600,146200,133300,64500,177,155,127,107,101,96,84,71,56,36,29,30,31,32,38,32,34,40,35,32,13,481,449,430,399,379,335,258,194,165
85983145,Купальник раздельный женский большие размеры ,Женщинам/Пляжная мода/Купальники/Раздельный купальник,Delyamer swim,ИП Медведев А Л,"синий,белый",427,0,1140,2570,2619,2328,2522.6514,654,1649814,1649814,"54993,8",0,0,https://www.wildberries.ru/catalog/85983145/detail.aspx,https://basket-05.wb.ru/vol859/part85983/85983145/images/c246x328/1.jpg,30,30,"21,8",5,47,2570,0,4850,23,1979,1,89,11,2,"21,8",Китай,Женский,2022-06-05,2022-05-19,4,0,1,"4,8",90,Белье / Раздельный купальник,42,38,17,19,22,21,18,19,21,18,24,15,20,28,23,22,18,19,27,25,45,34,32,9,3,38,25,20,21,15,15,21,44523,49761,57618,54999,47142,49761,54999,47142,62856,39285,52380,73332,60237,57618,47142,49761,62856,58200,104760,79152,74496,20952,6984,88464,65475,52380,54999,39285,39285,53970,412,399,389,376,368,385,369,545,522,508,498,473,460,534,523,508,486,470,427,398,377,373,376,340,416,404,391,440,439,427
150092240,Купальник слитный спортивный с утяжкой для плавания бассейна,Женщинам/Пляжная мода/Купальники/Слитный купальник,M.F.D.Style,ИП Соколов Петр Петрович,,969,0,291,1995,2412,1995,2241.9233,717,1607459,"6027971,25","53581,9667","4420512,25","73,3333",https://www.wildberries.ru/catalog/150092240/detail.aspx,https://basket-10.wb.ru/vol1500/part150092/150092240/images/c246x328/1.jpg,8,6,"89,625",5,81,1995,0,10500,23,1536,0,90,4307,1,"23,9",,,2023-03-07,1970-01-01,0,0,0,0,0,Белье / Слитный купальник,46,41,0,0,0,0,0,0,0,0,0,0,0,0,0,0,0,0,0,0,0,0,0,0,0,0,5,696,5,6,4,1,0,0,0,0,0,0,0,0,0,0,0,0,0,0,0,0,0,0,0,0,0,0,0,0,11240,1561824,10800,12960,8640,1995,0,0,0,0,0,0,0,0,0,0,0,0,0,0,0,0,0,0,0,0,0,0,700,700,695,689,684,949,970,969
66322406,Купальник женский раздельный пляжный,Женщинам/Пляжная мода/Купальники/Раздельный купальник,DETACHED,ИП Побат Никита Олегович,"леопардовый,черный,розовый,белый",864,0,280,2039,2219,2039,2046.163,779,1593961,1593961,"53132,0333",0,0,https://www.wildberries.ru/catalog/66322406/detail.aspx,https://basket-04.wb.ru/vol663/part66322/66322406/images/c246x328/1.jpg,30,30,"25,9667",5,66,2039,0,5999,23,1570,1,89,19,2,"25,9667",Россия,Женский,2022-04-07,2022-04-19,7,0,0,"4,5",80,Белье / Раздельный купальник,42,38,13,18,26,16,14,30,32,16,7,15,18,13,33,38,35,26,36,25,37,47,35,30,11,16,11,38,33,52,25,33,28847,39942,53014,32624,28546,61170,65248,32624,14273,30585,36702,26507,67287,77482,71365,53014,73404,50975,75443,95833,71365,61170,22429,32624,22429,77482,67287,106028,50975,67287,384,369,380,370,449,424,395,383,538,529,565,632,611,624,596,579,549,633,602,553,622,601,587,808,985,957,937,894,886,864
88139035,"Купальник женский летний для девочки слитный, с чашечками",Женщинам/Пляжная мода/Купальники/Слитный купальник,SunLove,ИП Пытько Никита Сергеевич,,627,0,396,3341,3341,3212,3289.3453,472,1552571,1552571,"51752,3667",0,0,https://www.wildberries.ru/catalog/88139035/detail.aspx,https://basket-05.wb.ru/vol881/part88139/88139035/images/c246x328/1.jpg,30,30,"15,7333",4,48,3341,0,6425,24,2539,1,90,26,2,"15,7333",Китай,Женский,2022-06-13,2022-06-15,7,0,0,"4,3",67,Белье / Слитный купальник,46,41,17,18,14,15,13,7,17,10,10,7,13,4,11,5,13,15,4,7,7,16,40,35,17,10,25,33,26,28,23,12,54604,57816,44968,48180,41756,22484,54604,32120,32120,22484,41756,12848,35332,16060,41756,48180,13364,23387,23387,53456,133640,116935,56797,33410,83525,110253,86866,93548,76843,40092,204,195,188,176,169,168,158,153,148,154,147,157,148,148,141,133,135,132,129,463,418,385,363,746,725,694,675,650,632,627
29444080,Купальник женский раздельный пляжный для бассейна пушап,Женщинам/Пляжная мода/Купальники/Раздельный купальник,Miss Nude,ИП Житкова Анастасия Михайловна,черный,465,0,2998,2677,2677,2261,2360.5062,648,1529608,1529608,"50986,9333",0,0,https://www.wildberries.ru/catalog/29444080/detail.aspx,https://basket-03.wb.ru/vol294/part29444/29444080/images/c246x328/1.jpg,30,30,"21,6",4,55,2677,0,5950,23,2061,1,89,32,2,"21,6",Китай,Женский,2021-05-29,2021-06-01,11,0,1,"4,3",97,Белье / Раздельный купальник,42,38,27,19,31,16,24,11,18,12,11,17,27,29,34,24,27,30,24,24,31,22,35,16,6,12,11,25,28,29,16,12,61047,42959,70091,36176,54264,24871,40698,27132,24871,38437,61047,65569,76874,54264,61047,67830,54264,54264,70091,49742,79135,42832,16062,32124,29447,66925,74956,77633,42832,32124,351,345,321,313,297,296,280,274,306,291,266,243,218,277,254,225,207,223,203,188,161,158,311,317,510,494,474,455,449,465
12147325,Купальник раздельный женский со шнуровкой,Женщинам/Пляжная мода/Купальники/Раздельный купальник,MIYAMI,ИП Соломянников Дмитрий Евгеньевич,"молочный,кремовый",276,0,986,2161,2799,2161,2327.8615,650,1513110,1513110,50437,0,0,https://www.wildberries.ru/catalog/12147325/detail.aspx,https://basket-01.wb.ru/vol121/part12147/12147325/images/c246x328/1.jpg,30,30,"21,6667",5,78,2161,0,9827,23,1664,1,89,18,2,"21,6667",,Женский,2020-06-09,2020-06-20,8,0,0,"4,5",90,Белье / Раздельный купальник,42,38,10,8,10,9,8,14,18,5,14,7,11,10,12,15,11,8,41,42,27,36,44,19,21,36,47,26,31,36,49,25,27990,22392,27990,25191,22392,39186,50382,13995,39186,19593,30789,27990,33588,41985,30789,22392,88601,90762,58347,77796,95084,41059,45381,77796,101567,56186,66991,77796,105889,54025,588,585,575,570,567,558,543,542,535,531,523,519,670,659,651,648,607,566,618,578,533,525,500,465,419,396,364,333,289,276
27772106,Купальник слитный женский сплошной закрытый утягивающий спортивный для бассейна пляжная мода,Женщинам/Пляжная мода/Купальники/Слитный купальник,Delyamer swim,ИП Петренко Галина Ивановна,"черный,белый",385,1,3578,2335,2802,2335,2512.6824,595,1495046,1495046,"49834,8667",0,0,https://www.wildberries.ru/catalog/27772106/detail.aspx,https://basket-02.wb.ru/vol277/part27772/27772106/images/c246x328/1.jpg,30,30,"19,8333",5,55,2335,0,5190,23,1798,1,90,28,2,"19,8333",Китай,Женский,2021-05-08,2021-05-13,4,0,1,"4,8",100,Белье / Слитный купальник,46,41,25,15,21,24,16,10,27,22,15,24,16,18,32,22,29,17,23,21,23,13,37,24,4,5,27,13,7,18,24,23,64875,38925,54495,62280,41520,25950,70065,57090,38925,62280,41520,43902,78048,53658,70731,41463,56097,51219,56097,31707,90243,58536,9756,12195,75654,36426,19614,42030,56040,53705,467,460,441,418,409,449,429,481,471,453,443,427,398,406,373,359,336,350,338,335,380,359,355,359,368,367,373,418,406,385
55205147,Купальник сплошной с открытой спиной,Женщинам/Пляжная мода/Купальники/Слитный купальник,Sheldi,ИП Шеленина Юлия Анатольевна,черный,255,2,510,2696,2696,2696,2696.0,549,1480104,"1531142,069","49336,8","51038,069","3,3333",https://www.wildberries.ru/catalog/55205147/detail.aspx,https://basket-04.wb.ru/vol552/part55205/55205147/images/c246x328/1.jpg,29,29,"18,931",5,14,2696,0,3135,23,2075,1,90,63,2,"18,3",Китай,Женский,2021-12-27,2022-01-27,10,0,0,"4,5",83,Белье / Слитный купальник,46,41,27,15,27,18,11,25,26,20,18,15,21,15,22,21,18,17,28,10,11,19,35,21,9,19,27,17,4,0,15,18,72792,40440,72792,48528,29656,67400,70096,53920,48528,40440,56616,40440,59312,56616,48528,45832,75488,26960,29656,51224,94360,56616,24264,51224,72792,45832,10784,0,40440,48528,391,384,367,353,353,347,329,306,296,292,276,300,286,278,268,257,236,257,253,249,220,216,213,201,186,188,199,0,247,255
44578715,Слитный Купальник,Женщинам/Пляжная мода/Купальники/Слитный купальник,BY TATYANA DMITRIYEVA,ИП Дмитриева,"черный,белый",853,0,478,3000,3000,3000,3000.0,490,1470000,1470000,49000,0,0,https://www.wildberries.ru/catalog/44578715/detail.aspx,https://basket-04.wb.ru/vol445/part44578/44578715/images/c246x328/1.jpg,30,30,"16,3333",5,40,3000,0,5000,24,2280,1,90,49,2,"16,3333",Россия,Женский,2021-11-02,2021-11-07,4,0,1,"4,5",83,Белье / Слитный купальник,46,41,10,12,7,8,10,16,17,23,14,17,13,11,22,20,16,22,20,16,20,36,15,7,14,8,23,20,21,12,27,13,30000,36000,21000,24000,30000,48000,51000,69000,42000,51000,39000,33000,66000,60000,48000,66000,60000,48000,60000,108000,45000,21000,42000,24000,69000,60000,63000,36000,81000,39000,319,313,311,312,424,748,736,715,704,693,688,674,660,639,847,831,816,811,795,764,751,803,796,792,764,755,737,879,860,853
75850366,Купальник раздельный женский корректирующий бразилиана,Женщинам/Пляжная мода/Купальники/Раздельный купальник,Delyamer swim,ИП Медведев А Л,белый,161,2,1336,3090,3090,2626,2705.7811,539,1458416,1458416,"48613,8667",0,0,https://www.wildberries.ru/catalog/75850366/detail.aspx,https://basket-05.wb.ru/vol758/part75850/75850366/images/c246x328/1.jpg,30,30,"17,9667",5,40,3090,0,5150,24,2348,1,89,41,2,"17,9667",Китай,Женский,2022-05-29,2022-04-13,4,0,1,"4,4",87,Белье / Раздельный купальник,42,38,23,16,22,18,13,23,31,19,12,25,16,20,9,25,28,27,17,20,21,17,23,12,10,11,15,15,12,14,8,17,60398,42016,57772,47268,34138,60398,81406,49894,31512,65650,42016,52520,23634,65650,73528,70902,44642,52520,55146,44642,60398,31512,28840,31724,46350,46350,37080,43260,24720,52530,315,307,291,278,267,263,236,243,235,221,217,209,218,244,219,198,193,181,172,163,162,156,153,154,168,167,166,167,167,161
74470557,"Купальник слитный летний спортивный, для бассейна",Женщинам/Пляжная мода/Купальники/Слитный купальник,EAZYWAY,ИП Бахарева Н Н,"черный,черный графит,черный меланж,черный матовый",188,1,387,3990,3990,3511,3805.6728,382,1453767,1453767,"48458,9",0,0,https://www.wildberries.ru/catalog/74470557/detail.aspx,https://basket-05.wb.ru/vol744/part74470/74470557/images/c246x328/1.jpg,30,30,"12,7333",5,50,3990,0,7980,24,3032,1,90,29,2,"12,7333",Беларусь,Женский,2022-04-13,2022-04-20,8,0,1,"4,8",93,Белье / Слитный купальник,46,41,15,9,6,7,6,5,23,14,5,4,9,9,18,21,18,13,20,10,25,12,20,22,7,14,17,10,16,9,14,4,59850,35910,23940,27930,23940,19950,91770,55860,19950,15960,35910,35910,71820,83790,71820,51870,70220,35110,87775,42132,70220,77242,24577,49154,59687,39900,63840,35910,55860,15960,85,77,74,94,375,375,354,341,338,338,329,323,306,287,274,262,245,246,234,229,214,199,198,207,197,190,182,181,176,188
112978447,Слитный Купальник,Женщинам/Пляжная мода/Купальники/Слитный купальник,BY TATYANA DMITRIYEVA,ИП Дмитриева,леопардовый,566,0,1250,3500,3500,3500,3500.0,405,1417500,1417500,47250,0,0,https://www.wildberries.ru/catalog/112978447/detail.aspx,https://basket-08.wb.ru/vol1129/part112978/112978447/images/c246x328/1.jpg,30,30,"13,5",5,30,3500,0,5000,24,2660,1,90,58,2,"13,5",Россия,Женский,2022-07-20,2021-11-16,6,0,1,"4,5",77,Белье / Слитный купальник,46,41,11,10,18,20,11,15,15,4,16,10,19,11,8,16,9,21,25,13,16,12,14,11,5,12,19,9,9,18,13,15,38500,35000,63000,70000,38500,52500,52500,14000,56000,35000,66500,38500,28000,56000,31500,73500,87500,45500,56000,42000,49000,38500,17500,42000,66500,31500,31500,63000,45500,52500,558,550,533,516,644,689,679,679,663,655,639,631,629,621,675,660,638,633,624,620,610,612,608,600,587,590,590,580,572,566
36086948,Раздельный купальник пуш ап,Женщинам/Пляжная мода/Купальники/Раздельный купальник,Chik Chik,ИП Южакова Евгения Васильевна,"розовый,розовый фламинго,розовый неон,розово-пурпурный,розовая фуксия",131,0,684,3120,3120,3100,3101.8062,454,1408220,"1456779,3103","46940,6667","48559,3103","3,3333",https://www.wildberries.ru/catalog/36086948/detail.aspx,https://basket-03.wb.ru/vol360/part36086/36086948/images/c246x328/1.jpg,29,30,"15,3103",5,50,3120,0,6240,24,2371,1,89,22,2,"15,1333",Китай,Женский,2021-08-09,2021-08-12,8,0,1,"4,5",97,Белье / Раздельный купальник,42,38,12,7,9,4,6,5,6,10,15,7,17,8,15,29,18,19,17,18,18,27,23,24,1,15,19,22,22,20,18,23,37200,21700,27900,12400,18600,15500,18600,31000,46500,21700,52700,24800,46500,89900,55800,58900,52700,55800,55800,83700,71300,74400,3100,46500,58900,68200,68200,62000,56160,71760,13,14,13,12,10,8,1,0,428,420,405,395,382,354,332,314,295,286,274,249,227,206,211,208,191,181,156,146,137,131
27781334,Купальник женский раздельный спортивный для бассейна,Женщинам/Пляжная мода/Купальники/Раздельный купальник,SEBOWEL,ИП Мушников Ма,черный,227,1,837,2508,2772,2508,2750.3905,507,1394448,1394448,"46481,6",0,0,https://www.wildberries.ru/catalog/27781334/detail.aspx,https://basket-02.wb.ru/vol277/part27781/27781334/images/c246x328/1.jpg,30,30,"16,9",4,62,2508,0,6600,23,1931,1,89,102,2,"16,9",Китай,Женский,2021-05-17,2021-06-09,4,0,0,"4,1",87,Белье / Раздельный купальник,42,38,25,22,13,16,16,22,37,21,9,12,18,13,12,24,7,12,17,19,13,20,18,12,3,4,27,27,11,28,14,15,69300,60984,36036,44352,44352,60984,102564,58212,24948,33264,49896,36036,33264,66528,19404,33264,47124,52668,36036,55440,49896,33264,8316,11088,74844,74844,29040,73920,36960,37620,154,151,148,142,130,110,87,71,67,66,63,60,56,44,41,36,33,23,22,27,22,16,32,295,270,253,253,227,226,227
88134354,Купальник женский раздельный для бассейна с шортами летний ,Женщинам/Пляжная мода/Купальники/Раздельный купальник,SunLove,ИП Пытько Никита Сергеевич,,816,1,234,3501,3704,3501,3566.0641,390,1390765,1390765,"46358,8333",0,0,https://www.wildberries.ru/catalog/88134354/detail.aspx,https://basket-05.wb.ru/vol881/part88134/88134354/images/c246x328/1.jpg,30,30,13,4,14,3501,0,4071,24,2660,1,89,62,2,13,Китай,Женский,2022-06-15,2022-06-18,6,0,0,"4,5",73,Белье / Раздельный купальник,42,38,9,21,18,20,12,13,20,20,15,19,14,13,17,16,14,14,18,23,10,7,6,8,3,6,8,7,11,8,10,10,31509,73521,63018,70020,42012,45513,70020,70020,52515,66519,49014,45513,59517,56016,49014,49014,66672,85192,37040,25928,22224,29632,11112,22224,29632,25928,40744,29632,37040,35010,933,923,909,894,890,880,865,848,840,834,825,821,817,811,808,804,791,776,780,778,784,796,811,818,819,818,815,811,816,816
81263487,Купальник женский раздельные 3 в 1 бикини с высокой посадкой,Женщинам/Пляжная мода/Купальники/Раздельный купальник,Sam Alex’s Jeans,ИП Тетерин Александр Александрович,"зеленый,розовый,белый,изумрудно-зеленый,изумрудный",417,0,1412,2627,2627,2272,2442.9167,564,1377805,1377805,"45926,8333",0,0,https://www.wildberries.ru/catalog/81263487/detail.aspx,https://basket-05.wb.ru/vol812/part81263/81263487/images/c246x328/1.jpg,30,30,"18,8",5,63,2627,0,7100,23,2022,1,89,34,2,"18,8",Китай,Женский,2022-05-19,2022-05-23,7,0,1,"4,5",90,Белье / Раздельный купальник,42,38,14,12,14,23,11,12,19,16,18,18,17,14,19,29,21,14,29,22,24,23,31,23,8,25,33,16,16,18,9,16,35784,30672,34272,58788,28116,30672,48564,40896,46008,46008,43452,35784,48564,74124,53676,35784,65888,49984,54528,52256,70432,52256,18176,56800,74976,36352,42032,47286,23643,42032,240,234,416,399,395,584,577,564,556,542,529,520,508,479,463,455,430,415,515,482,449,429,422,405,381,420,423,413,418,417
79708672,Купальник женский раздельный бикини,Женщинам/Пляжная мода/Купальники/Раздельный купальник,Semer_Store,ИП Семернина Д С,белый,118,0,492,2050,2750,1700,2286.1897,601,1374000,1374000,45800,0,0,https://www.wildberries.ru/catalog/79708672/detail.aspx,https://basket-05.wb.ru/vol797/part79708/79708672/images/c246x328/1.jpg,30,30,"20,0333",4,59,2050,0,5000,23,1578,1,89,6146,1,"20,0333",Китай,Женский,2022-05-13,2022-05-21,4,0,1,"4,3",80,Белье / Раздельный купальник,42,38,15,19,15,64,44,17,16,13,12,11,15,11,14,9,9,6,13,8,11,7,9,18,20,16,36,32,42,45,27,27,36750,46550,36750,108800,107800,41650,39200,31850,29400,26950,36750,30250,38500,24750,24750,16500,35750,22000,30250,19250,23400,42300,47000,37600,84600,65600,86100,92250,55350,55350,282,269,262,195,145,131,120,105,96,90,76,68,57,54,50,51,48,40,33,29,22,383,356,341,306,275,230,177,149,118
87682147,Купальник слитный  пуш ап женский ,Женщинам/Пляжная мода/Купальники/Слитный купальник,Hues_boutique_trend,Степанов П. А,черный,407,232,784,2640,2640,2200,2460.3136,558,1372855,1372855,"45761,8333",0,0,https://www.wildberries.ru/catalog/87682147/detail.aspx,https://basket-05.wb.ru/vol876/part87682/87682147/images/c246x328/1.jpg,30,30,"18,6",5,52,2640,0,5500,17,2191,1,90,40,2,"18,6",Китай,Женский,2022-06-19,2022-06-23,6,0,1,"4,6",87,Белье / Слитный купальник,46,41,22,32,28,22,21,12,20,21,23,19,9,19,16,29,20,22,29,14,17,25,17,8,2,3,12,21,23,16,15,21,52030,75680,69300,54450,51975,29700,49500,51975,56925,47025,22275,47025,39600,71775,49500,54450,71775,34650,42075,61875,42075,19800,4950,7425,29700,46200,51865,42240,39600,55440,161,143,124,107,100,109,95,90,82,89,97,168,294,268,267,237,234,234,228,258,251,306,383,392,383,381,390,416,410,407
75220106,Купальник раздельный женский утягивающий высокая посадка,Женщинам/Пляжная мода/Купальники/Раздельный купальник,Delyamer swim,ИП Медведев А Л,черный,42,0,362,3596,3596,2542,2786.8041,485,1351600,1351600,"45053,3333",0,0,https://www.wildberries.ru/catalog/75220106/detail.aspx,https://basket-05.wb.ru/vol752/part75220/75220106/images/c246x328/1.jpg,30,30,"16,1667",5,42,3596,0,6200,24,2732,1,89,40,2,"16,1667",Китай,Женский,2022-04-24,2022-04-27,5,0,1,"4,6",90,Белье / Раздельный купальник,42,38,29,15,26,26,26,18,18,19,16,19,11,10,27,12,16,18,23,9,14,21,10,13,12,12,17,11,12,16,5,4,73718,38130,66092,66092,66092,45756,45756,48298,40672,53010,30690,27900,75330,33480,44640,50220,64170,25110,39060,58590,27900,36270,35712,35712,50592,39556,43152,57536,17980,14384,181,174,146,123,106,112,95,81,76,67,65,58,47,40,42,27,15,25,22,10,8,8,11,11,2,8,7,13,31,42
37174351,Купальник слитный для бассейна,Женщинам/Пляжная мода/Купальники/Слитный купальник,Louis Nesta,ИП Лефанова Ольга Юрьевна,черный,1807,0,911,2655,2655,2000,2539.6286,525,1333305,1333305,"44443,5",0,0,https://www.wildberries.ru/catalog/37174351/detail.aspx,https://basket-03.wb.ru/vol371/part37174/37174351/images/c246x328/1.jpg,30,30,"17,5",4,41,2655,0,4500,23,2044,1,90,67,2,"17,5",Китай,Женский,2021-08-13,2021-08-15,11,0,0,"4,3",87,Белье / Слитный купальник,46,41,16,23,26,15,10,17,19,21,11,17,25,16,21,19,23,15,21,6,12,17,17,11,16,17,23,23,22,31,6,9,32000,46000,52000,35400,23600,40120,44840,55755,29205,45135,66375,42480,55755,50445,61065,39825,55755,15930,31860,45135,45135,29205,42480,45135,61065,61065,58410,82305,15930,23895,630,633,622,622,633,630,620,610,616,609,589,581,570,568,556,556,549,557,563,567,558,563,563,862,849,834,820,799,1460,1807
46414194,Слитный Купальник,Женщинам/Пляжная мода/Купальники/Слитный купальник,BY TATYANA DMITRIYEVA,ИП Дмитриева,синий,36,0,1250,3500,3500,3500,3500.0,370,1295000,1295000,"43166,6667",0,0,https://www.wildberries.ru/catalog/46414194/detail.aspx,https://basket-04.wb.ru/vol464/part46414/46414194/images/c246x328/1.jpg,30,30,"12,3333",5,30,3500,0,5000,24,2660,1,90,125,2,"12,3333",Россия,Женский,2021-12-04,2021-11-16,8,0,0,"4,5",80,Белье / Слитный купальник,46,41,14,21,12,13,13,12,21,17,13,16,16,11,18,10,9,14,18,8,16,10,13,7,4,8,12,7,9,7,14,7,49000,73500,42000,45500,45500,42000,73500,59500,45500,56000,56000,38500,63000,35000,31500,49000,63000,28000,56000,35000,45500,24500,14000,28000,42000,24500,31500,24500,49000,24500,247,235,230,218,210,206,185,174,165,155,143,132,117,112,106,99,80,83,75,68,57,58,60,56,48,44,36,38,32,36
109644447,Женский закрытый купальник слитный утягивающий ,Женщинам/Пляжная мода/Купальники/Слитный купальник,EviKiSS,ИП Пегушина В Н,бирюзово-зеленый,178,0,174,3249,3249,3192,3205.4367,403,1291791,1291791,"43059,7",0,0,https://www.wildberries.ru/catalog/109644447/detail.aspx,https://basket-07.wb.ru/vol1096/part109644/109644447/images/c246x328/1.jpg,30,30,"13,4333",5,43,3249,0,5700,24,2469,1,90,65,2,"13,4333",Китай,Женский,2022-10-22,2022-05-23,14,0,0,"4,6",77,Белье / Слитный купальник,46,41,17,2,15,17,9,12,9,10,10,8,7,4,8,17,26,15,23,15,20,15,19,9,8,13,26,16,18,15,14,6,54264,6384,47880,54264,28728,38304,28728,31920,31920,25536,22344,12768,25536,54264,82992,47880,73416,47880,63840,47880,60648,28728,25536,41496,84474,51984,58482,48735,45486,19494,101,109,94,68,60,50,46,37,28,28,28,30,23,136,111,99,78,65,49,270,256,252,251,240,214,203,194,179,176,178
137900807,Слитный купальник,Женщинам/Пляжная мода/Купальники/Слитный купальник,KICKERS,ООО Викториас Лайн,,198,0,50,1599,1610,1562,1584.2583,813,1288002,1288002,"42933,4",0,0,https://www.wildberries.ru/catalog/137900807/detail.aspx,https://basket-10.wb.ru/vol1379/part137900/137900807/images/c246x328/1.jpg,30,30,"27,1",4,66,1599,0,4705,23,1231,1,90,87,2,"27,1",,,2022-11-29,1970-01-01,0,0,0,0,0,Белье / Слитный купальник,46,41,348,9,12,12,17,18,18,13,10,12,7,11,9,14,19,16,12,16,21,16,10,24,6,15,23,26,30,26,23,20,543576,14058,18744,18744,27370,28980,28980,20930,16100,19320,11270,17710,14490,22540,30590,25760,19320,25760,33579,25584,15990,38376,9594,23985,36777,41574,47970,41574,36777,31980,340,334,354,342,333,320,323,343,344,334,364,372,369,361,353,338,331,324,308,299,334,311,312,301,300,276,250,231,211,198
50847207,Купальник раздельный больших размеров,Женщинам/Пляжная мода/Купальники/Раздельный купальник,EMANSY,ИП Блинов Дмитрий Юрьевич,черный,123,1,935,2455,2455,1856,2271.8617,564,1281330,1281330,42711,0,0,https://www.wildberries.ru/catalog/50847207/detail.aspx,https://basket-04.wb.ru/vol508/part50847/50847207/images/c246x328/1.jpg,30,30,"18,8",5,59,2455,0,5990,23,1891,1,89,23,2,"18,8",Россия,Женский,2021-12-06,2021-06-01,8,0,0,"4,6",80,Белье / Раздельный купальник,42,38,13,18,15,16,14,18,11,15,20,16,8,14,7,18,16,17,20,11,18,27,16,13,10,28,42,40,45,35,11,12,31915,44190,36825,39280,34370,44190,27005,36825,49100,39280,19640,34370,17185,44190,39280,41735,49100,27005,36648,54972,39280,31915,20360,57008,85512,74240,83520,85925,27005,29460,178,185,172,159,149,139,130,118,103,87,85,107,111,91,79,63,56,104,136,159,149,149,190,170,127,92,61,87,122,123
76537521,Слитный женский утягивающий купальник на пляж открытая спина,Женщинам/Пляжная мода/Купальники/Слитный купальник,Pantacolla,ИП Суряднов Михаил Андреевич,черный,332,1,304,2913,2913,2913,2913.0,439,1278807,"1322903,7931","42626,9","44096,7931","3,3333",https://www.wildberries.ru/catalog/76537521/detail.aspx,https://basket-05.wb.ru/vol765/part76537/76537521/images/c246x328/1.jpg,29,29,"15,1379",5,45,2913,0,5298,23,2243,1,90,41,2,"14,6333",Россия,Женский,2022-05-04,2022-05-11,9,0,1,"4,8",97,Белье / Слитный купальник,46,41,12,14,18,21,12,14,26,10,14,6,12,10,15,22,19,13,13,17,11,17,0,17,6,17,20,17,5,25,13,23,34956,40782,52434,61173,34956,40782,75738,29130,40782,17478,34956,29130,43695,64086,55347,37869,37869,49521,32043,49521,0,49521,17478,49521,58260,49521,14565,72825,37869,66999,113,110,92,78,134,120,93,150,149,151,150,149,141,127,158,154,228,222,230,224,0,285,290,283,268,261,277,260,344,332
27207162,Купальник слитный женский сплошной закрытый утягивающий пляжная мода,Женщинам/Пляжная мода/Купальники/Слитный купальник,Delyamer swim,ИП Петренко Галина Ивановна,"желтый,зеленый",311,0,2632,3068,3068,2592,2668.5177,479,1278220,1278220,"42607,3333",0,0,https://www.wildberries.ru/catalog/27207162/detail.aspx,https://basket-02.wb.ru/vol272/part27207/27207162/images/c246x328/1.jpg,30,30,"15,9667",5,42,3068,0,5290,24,2331,1,90,51,2,"15,9667",Китай,Женский,2021-04-29,2021-05-01,7,0,1,"4,8",100,Белье / Слитный купальник,46,41,17,9,25,9,13,15,21,11,14,18,19,24,20,22,16,11,25,11,24,22,25,14,5,12,14,17,7,15,6,18,44064,23328,64800,23328,33696,38880,54432,28512,36288,46656,49248,62208,51840,57024,41472,28512,64800,28512,62208,57024,64800,36288,12960,31104,42952,52156,21476,46020,18408,55224,444,451,433,437,427,435,419,448,437,419,404,381,364,368,358,356,336,355,345,326,303,302,302,296,313,304,307,319,322,311
47887527,Слитный Купальник,Женщинам/Пляжная мода/Купальники/Слитный купальник,BY TATYANA DMITRIYEVA,ИП Дмитриева,темно-синий,592,1,1250,3500,3500,3000,3314.6214,383,1269500,1269500,"42316,6667",0,0,https://www.wildberries.ru/catalog/47887527/detail.aspx,https://basket-04.wb.ru/vol478/part47887/47887527/images/c246x328/1.jpg,30,30,"12,7667",5,30,3500,0,5000,24,2660,1,90,86,2,"12,7667",Россия,Женский,2021-12-04,2021-11-16,2,0,0,"4,5",79,Белье / Слитный купальник,46,41,21,25,12,27,12,14,9,14,8,12,6,11,7,17,11,15,20,22,10,7,18,4,1,2,14,8,14,9,19,14,63000,75000,36000,81000,36000,42000,27000,42000,24000,42000,21000,38500,24500,59500,38500,52500,70000,77000,35000,24500,63000,14000,3500,7000,49000,28000,49000,31500,66500,49000,482,460,450,425,511,500,497,492,500,493,497,499,504,488,485,477,460,441,436,438,419,433,451,453,441,443,438,617,597,592
76188373,"Раздельный купальник женский, для бассейна, пляжа, спорта",Женщинам/Пляжная мода/Купальники/Раздельный купальник,MIMIGIRL,ИП Еремин Максим Златиславович,"синий,cине-морской,cиняя волна,мрамор,голубой",447,0,257,2719,2719,2239,2494.8103,506,1262374,1262374,"42079,1333",0,0,https://www.wildberries.ru/catalog/76188373/detail.aspx,https://basket-05.wb.ru/vol761/part76188/76188373/images/c246x328/1.jpg,30,30,"16,8667",4,66,2719,0,7998,23,2093,1,89,27,2,"16,8667",Китай,Женский,2022-04-29,2022-05-02,7,0,0,"4,5",83,Белье / Раздельный купальник,42,38,26,18,14,14,17,11,26,19,10,16,20,16,16,31,13,20,18,13,13,12,18,20,9,13,23,17,15,13,16,19,58214,40302,31346,31346,38063,24629,58214,42541,22390,38384,47980,38384,38384,74369,31187,51180,48942,35347,35347,32628,48942,54380,24471,35347,62537,46223,40785,35347,43504,51661,464,454,479,474,456,452,431,409,408,399,382,371,359,334,321,317,304,296,293,295,281,266,274,272,250,242,359,353,452,447
58771085,Слитный женский купальник для плавания в бассейне спортивный,Женщинам/Пляжная мода/Купальники/Слитный купальник,Siman,ООО Пешеход,черный,638,195,1036,1649,1649,1649,1649.0,756,1246644,1246644,"41554,8",0,0,https://www.wildberries.ru/catalog/58771085/detail.aspx,https://basket-04.wb.ru/vol587/part58771/58771085/images/c246x328/1.jpg,30,30,"25,2",5,63,1649,0,4458,17,1369,1,90,27,2,"25,2",Китай,Женский,2022-01-21,2021-01-08,4,0,1,"4,8",93,Белье / Слитный купальник,46,41,21,28,26,21,25,30,39,21,17,27,17,20,29,37,23,25,16,17,26,28,21,21,12,27,23,29,31,37,35,27,34629,46172,42874,34629,41225,49470,64311,34629,28033,44523,28033,32980,47821,61013,37927,41225,26384,28033,42874,46172,34629,34629,19788,44523,37927,47821,51119,61013,57715,44523,539,516,491,707,686,659,624,606,595,575,755,743,719,688,671,653,646,791,779,753,777,765,757,752,733,708,684,687,658,638
14300189,Купальник слитный,Женщинам/Пляжная мода/Купальники/Слитный купальник,FATIKA,ИП Ахмедов Ахмед Русланович,чернильный,1106,0,1156,2601,2601,2040,2247.3261,552,1240524,1240524,"41350,8",0,0,https://www.wildberries.ru/catalog/14300189/detail.aspx,https://basket-01.wb.ru/vol143/part14300/14300189/images/c246x328/1.jpg,30,30,"18,4",5,49,2601,0,5100,23,2002,1,90,85,2,"18,4",Китай,Женский,2020-08-24,2020-09-11,3,0,0,"4,7",90,Белье / Слитный купальник,46,41,18,4,11,23,19,9,17,27,26,26,19,18,23,22,31,26,29,19,13,20,21,18,7,7,14,13,16,31,10,15,36720,8160,22440,46920,38760,18360,34680,55080,53040,53040,38760,36720,46920,44880,63240,53040,59160,49419,33813,52020,54621,46818,18207,18207,36414,33813,41616,80631,26010,39015,1470,1471,1464,1435,1421,1416,1399,1373,1348,1332,1317,1301,1281,1267,1237,1211,1182,1174,1163,1156,1143,1134,1134,1139,1135,1130,1133,1110,1112,1106
51752811,Купальник слитный с чашкой закрытый больших размеров бассейн,Женщинам/Пляжная мода/Купальники/Слитный купальник,Aesthetic brand,ИП Корнюхин Михаил Сергеевич,"изумрудный,зеленый,бирюзовый",951,0,2922,2244,2244,2244,2244.0,550,1234200,1234200,41140,0,0,https://www.wildberries.ru/catalog/51752811/detail.aspx,https://basket-04.wb.ru/vol517/part51752/51752811/images/c246x328/1.jpg,30,30,"18,3333",5,57,2244,0,5220,23,1728,1,90,47,2,"18,3333",Китай,Женский,2021-12-09,2021-06-15,9,0,1,"4,8",100,Белье / Слитный купальник,46,41,13,12,29,28,14,21,17,23,8,10,19,16,15,19,19,17,19,13,22,19,18,18,10,15,26,26,27,23,12,22,29172,26928,65076,62832,31416,47124,38148,51612,17952,22440,42636,35904,33660,42636,42636,38148,42636,29172,49368,42636,40392,40392,22440,33660,58344,58344,60588,51612,26928,49368,759,753,728,700,698,734,871,892,892,891,880,867,857,845,834,822,828,1066,1049,1037,1068,1055,1055,1048,1029,1010,988,973,967,951
90471661,Купальник женский слитный утягивающий  ,Женщинам/Пляжная мода/Купальники/Слитный купальник,Libry sense,Филиппов Кирилл Анатольевич,черный,654,0,147,2250,2626,2250,2608.4746,472,1231200,"1273655,1724",41040,"42455,1724","3,3333",https://www.wildberries.ru/catalog/90471661/detail.aspx,https://basket-05.wb.ru/vol904/part90471/90471661/images/c246x328/1.jpg,29,29,"16,2759",5,82,2250,0,12505,23,1733,1,90,59,2,"15,7333",Китай,Женский,2022-06-26,2022-06-30,13,0,1,"4,6",77,Белье / Слитный купальник,46,41,26,33,21,16,16,25,25,12,11,18,11,11,22,8,6,8,11,13,10,15,0,9,5,12,33,20,18,22,13,22,68276,86658,55146,42016,42016,65650,65650,31512,28886,47268,28886,28886,57772,21008,15756,21008,28886,34138,26260,39390,0,23634,13130,31512,86658,52520,47268,57772,34138,49500,194,162,143,133,124,98,76,66,57,45,37,31,16,15,13,11,243,241,240,230,0,208,216,204,169,155,143,123,120,654
87682146,Купальник слитный  пуш ап женский ,Женщинам/Пляжная мода/Купальники/Слитный купальник,Hues_boutique_trend,Степанов П. А,фуксия,548,229,784,2640,2640,2200,2443.5241,498,1216875,1216875,"40562,5",0,0,https://www.wildberries.ru/catalog/87682146/detail.aspx,https://basket-05.wb.ru/vol876/part87682/87682146/images/c246x328/1.jpg,30,30,"16,6",5,52,2640,0,5500,17,2191,1,90,55,2,"16,6",Китай,Женский,2022-06-19,2022-06-23,4,0,1,"4,6",87,Белье / Слитный купальник,46,41,25,27,17,13,9,14,25,13,5,17,7,11,13,26,14,31,17,25,23,14,13,10,1,4,10,33,37,13,14,17,59125,63855,42075,32175,22275,34650,61875,32175,12375,42075,17325,27225,32175,64350,34650,76725,42075,61875,56925,34650,32175,24750,2475,9900,24750,72600,83435,34320,36960,44880,62,50,43,40,45,74,58,54,60,63,63,156,345,323,313,287,276,263,255,304,298,340,445,480,473,449,442,504,544,548
79831141,Купальник женский слитные утягивающие сплошной в бассейн,Женщинам/Пляжная мода/Купальники/Слитный купальник,MadeInLove,ИП Власова Н В,черный,731,0,349,2464,2624,2464,2560.8408,471,1206156,"1247747,5862","40205,2","41591,5862","3,3333",https://www.wildberries.ru/catalog/79831141/detail.aspx,https://basket-05.wb.ru/vol798/part79831/79831141/images/c246x328/1.jpg,29,29,"16,2414",5,68,2464,0,7700,23,1897,1,90,53,2,"15,7",Китай,Женский,2022-05-19,2022-05-23,9,0,1,"4,8",97,Белье / Слитный купальник,46,41,23,18,20,10,19,18,14,26,11,11,10,10,22,17,19,14,20,12,15,18,0,16,9,13,16,13,21,21,10,25,57753,45198,50220,25110,47709,45198,35154,65676,27786,28864,26240,25420,55924,44608,49856,36736,52480,31488,39360,47232,0,41216,23184,33488,41216,33488,54096,54096,25760,61600,459,447,435,435,430,425,622,603,596,597,600,593,577,565,556,549,535,526,565,802,0,780,774,769,763,759,745,730,742,731
76033602,Купальник раздельный женский большие размеры ,Женщинам/Пляжная мода/Купальники/Раздельный купальник,Delyamer swim,ИП Медведев А Л,черный,460,1,1140,2182,2619,2182,2430.8488,496,1205701,1205701,"40190,0333",0,0,https://www.wildberries.ru/catalog/76033602/detail.aspx,https://basket-05.wb.ru/vol760/part76033/76033602/images/c246x328/1.jpg,30,30,"16,5333",5,55,2182,0,4850,23,1680,1,89,26,2,"16,5333",Китай,Женский,2022-05-07,2022-05-19,4,0,1,"4,8",90,Белье / Раздельный купальник,42,38,9,12,11,9,9,19,11,4,13,11,11,14,14,3,13,13,23,21,18,19,18,22,13,14,23,14,20,48,32,35,23571,31428,28809,23571,23571,49761,28809,10476,34047,28809,28809,36666,36666,7857,34047,34047,53544,48888,41904,44232,41904,51216,30264,32592,60237,36666,52380,104736,69824,76370,619,611,598,591,585,566,559,631,618,610,597,586,582,676,664,655,629,613,601,583,568,550,535,528,566,559,545,511,483,460
72808603,Купальник женский / купальник слитный для бассейна закрытый ,Женщинам/Пляжная мода/Купальники/Слитный купальник,sanji,Sanji,черный,7,0,203,2099,2099,1763,1882.0338,621,1168743,1168743,"38958,1",0,0,https://www.wildberries.ru/catalog/72808603/detail.aspx,https://basket-05.wb.ru/vol728/part72808/72808603/images/c246x328/1.jpg,30,30,"20,7",5,25,2099,0,2799,23,1616,1,90,48,2,"20,7",Китай,Женский,2022-04-05,2022-05-03,7,0,0,"4,9",73,Белье / Слитный купальник,46,41,26,28,18,33,24,28,36,25,37,26,34,34,22,45,24,19,11,14,12,18,13,12,9,16,10,10,8,9,8,12,45838,49364,31734,58179,42312,49364,63468,44075,65231,45838,59942,62798,40634,86895,46344,36689,23089,29386,25188,37782,27287,25188,18891,33584,20990,20990,16792,18891,16792,25188,404,381,369,342,325,304,271,256,227,204,171,136,123,75,49,42,38,44,34,25,22,25,26,17,16,11,6,7,13,7
113737033,Слитный Купальник,Женщинам/Пляжная мода/Купальники/Слитный купальник,BY TATYANA DMITRIYEVA,ИП Дмитриева,фуксия,281,0,1250,3500,3500,3500,3500.0,330,1155000,1155000,38500,0,0,https://www.wildberries.ru/catalog/113737033/detail.aspx,https://basket-08.wb.ru/vol1137/part113737/113737033/images/c246x328/1.jpg,30,30,11,5,30,3500,0,5000,24,2660,1,90,93,2,11,Россия,Женский,2022-08-02,2021-11-16,5,0,0,"4,5",70,Белье / Слитный купальник,46,41,14,13,24,10,9,6,15,10,14,9,11,11,7,23,7,8,16,10,7,16,9,7,5,9,8,6,10,12,12,12,49000,45500,84000,35000,31500,21000,52500,35000,49000,31500,38500,38500,24500,80500,24500,28000,56000,35000,24500,56000,31500,24500,17500,31500,28000,21000,35000,42000,42000,42000,461,452,429,418,414,407,392,386,375,376,370,363,359,339,336,336,327,324,324,315,308,307,310,309,304,304,295,292,289,281
28754784,Слитный купальник женский утягивающий спорт большие размеры,Женщинам/Пляжная мода/Купальники/Слитный купальник,Pantacolla,ИП Суряднов Михаил Андреевич,сливовый,296,0,1945,2944,2944,2944,2944.0,392,1154048,"1193842,7586","38468,2667","39794,7586","3,3333",https://www.wildberries.ru/catalog/28754784/detail.aspx,https://basket-02.wb.ru/vol287/part28754/28754784/images/c246x328/1.jpg,29,30,"13,0345",5,41,2944,0,4990,23,2266,1,90,71,2,"13,0667",Россия,Женский,2021-06-08,2021-06-20,6,0,1,"4,5",97,Белье / Слитный купальник,46,41,6,14,6,18,6,14,17,11,12,16,10,13,3,17,8,20,18,19,13,18,13,12,8,25,17,14,9,14,13,8,17664,41216,17664,52992,17664,41216,50048,32384,35328,47104,29440,38272,8832,50048,23552,58880,52992,55936,38272,52992,38272,35328,23552,73600,50048,41216,26496,41216,38272,23552,195,187,182,164,185,173,158,187,180,167,163,158,161,151,155,141,157,140,135,122,118,201,200,184,226,0,222,215,286,296
12058295,купальник слитный,Женщинам/Пляжная мода/Купальники/Слитный купальник,miko wear,ИП Мизгирева Анастасия Андреевна,черный,137,0,1482,4039,4039,4039,4039.0,283,1143037,"1905061,6667","38101,2333","762024,6667",40,https://www.wildberries.ru/catalog/12058295/detail.aspx,https://basket-01.wb.ru/vol120/part12058/12058295/images/c246x328/1.jpg,18,17,"15,5",5,12,4039,0,4590,24,3069,1,90,52,2,"9,4333",Россия,Женский,2020-06-15,2020-06-25,12,0,0,"4,6",80,Белье / Слитный купальник,46,41,0,0,0,0,0,4,8,5,5,3,1,0,0,0,0,0,0,0,0,29,32,25,15,25,42,24,9,27,14,15,0,0,0,0,0,16156,32312,20195,20195,12117,4039,0,0,0,0,0,0,0,0,117131,129248,100975,60585,100975,169638,96936,36351,109053,56546,60585,0,0,0,0,25,21,13,8,3,0,0,0,0,0,0,0,0,179,138,109,292,267,252,227,183,164,158,139,138,137
48636408,Раздельный купальник,Женщинам/Пляжная мода/Купальники/Раздельный купальник,FIANETA,ИП Иванов Николай Веннадьевич,"черный,желтый",161,2,132,5596,6795,5596,6120.3011,186,1138376,1138376,"37945,8667",0,0,https://www.wildberries.ru/catalog/48636408/detail.aspx,https://basket-04.wb.ru/vol486/part48636/48636408/images/c246x328/1.jpg,30,30,"6,2",4,30,5596,0,7995,24,4253,1,89,69,2,"6,2",Литва,Женский,2022-02-06,2022-02-27,3,0,0,"4,4",77,Белье / Раздельный купальник,42,38,4,4,1,8,6,5,8,9,3,10,6,9,4,2,4,1,8,8,5,12,7,5,3,3,10,9,6,11,6,9,23984,27180,6795,54360,40770,33975,54360,61155,20385,67950,40770,61155,27180,13590,27180,6795,44768,44768,27980,67152,39172,27980,16788,16788,55960,50364,33576,61556,33576,50364,267,265,270,263,259,256,251,241,241,232,229,225,225,227,225,227,220,219,219,207,204,203,204,204,197,187,181,170,167,161
80904664,Слитный купальник сексуальный шелковый материал с декольте утягивающий эффект на пляж и в бассейн,Женщинам/Пляжная мода/Купальники/Слитный купальник,SUNLUX,ИП Валерия,черный,36,0,327,2500,2500,2500,2500.0,452,1130000,1130000,"37666,6667",0,0,https://www.wildberries.ru/catalog/80904664/detail.aspx,https://basket-05.wb.ru/vol809/part80904/80904664/images/c246x328/1.jpg,30,30,"15,0667",5,75,2500,0,10000,23,1925,1,90,192,2,"15,0667",Россия,Женский,2022-05-18,2022-05-20,14,0,1,"4,9",100,Белье / Слитный купальник,46,41,28,26,18,22,10,21,25,10,22,18,9,11,13,19,17,18,19,11,14,11,9,12,6,8,16,14,11,16,7,11,70000,65000,45000,55000,25000,52500,62500,25000,55000,45000,22500,27500,32500,47500,42500,45000,47500,27500,35000,27500,22500,30000,15000,20000,40000,35000,27500,40000,17500,27500,139,136,125,110,134,141,112,117,108,97,98,109,110,95,93,76,68,61,53,52,51,48,61,61,53,45,37,33,34,36
25784152,Купальник женский слитный с чашками для бассейна открытый,Женщинам/Пляжная мода/Купальники/Слитный купальник,Bona Fide,ИП Зайцев Денис Владимирович,черный,10,0,323,4950,4950,4950,4950.0,228,1128600,"1209214,2857",37620,"80614,2857","6,6667",https://www.wildberries.ru/catalog/25784152/detail.aspx,https://basket-02.wb.ru/vol257/part25784/25784152/images/c246x328/1.jpg,28,30,"7,6071",4,0,4950,0,4950,24,3762,1,90,136,2,"7,6",Россия,Женский,2021-04-20,2021-04-27,15,0,1,"4,2",93,Белье / Слитный купальник,46,41,7,9,4,14,3,9,8,7,8,15,8,6,7,12,3,5,3,3,3,1,9,9,3,12,12,11,14,9,6,8,34650,44550,19800,69300,14850,44550,39600,34650,39600,74250,39600,29700,34650,59400,14850,24750,14850,14850,14850,4950,44550,44550,14850,59400,59400,54450,69300,44550,29700,39600,2,2,4,43,46,42,35,28,24,12,7,7,4,0,1,1,1,2,0,69,61,56,58,49,35,30,17,13,15,10
81261840,Купальник женский раздельные 3 в 1 бикини с высокой посадкой,Женщинам/Пляжная мода/Купальники/Раздельный купальник,Sam Alex’s Jeans,ИП Тетерин Александр Александрович,"белый,черный,белый матовый",391,2,1413,2627,2627,2272,2423.7527,465,1127045,1127045,"37568,1667",0,0,https://www.wildberries.ru/catalog/81261840/detail.aspx,https://basket-05.wb.ru/vol812/part81261/81261840/images/c246x328/1.jpg,30,30,"15,5",5,63,2627,0,7100,23,2022,1,89,52,2,"15,5",Китай,Женский,2022-05-19,2022-05-23,6,0,0,"4,5",83,Белье / Раздельный купальник,42,38,3,4,6,18,13,4,16,19,12,12,12,10,22,16,10,15,30,31,25,30,23,19,10,18,27,13,17,7,11,12,7668,10224,14688,46008,33228,10224,40896,48564,30672,30672,30672,25560,56232,40896,25560,38340,68160,70432,56800,68160,52256,43168,22720,40896,61344,29536,44659,18389,28897,31524,47,47,336,338,325,639,623,608,600,596,589,583,563,549,542,531,501,475,456,425,406,395,381,369,345,399,394,396,394,391
58089661,Раздельный купальник с высокой посадкой,Женщинам/Пляжная мода/Купальники/Раздельный купальник,Sheldi,ИП Шеленина Юлия Анатольевна,черный,77,0,431,2085,2085,2085,2085.0,523,1090455,"1168344,6429","36348,5","77889,6429","6,6667",https://www.wildberries.ru/catalog/58089661/detail.aspx,https://basket-04.wb.ru/vol580/part58089/58089661/images/c246x328/1.jpg,28,28,"18,6786",5,21,2085,0,2640,23,1605,1,89,35,2,"17,4333",Китай,Женский,2022-01-22,2022-02-04,6,0,0,"4,4",77,Белье / Раздельный купальник,42,38,19,12,18,18,28,9,27,12,19,25,12,19,18,10,22,22,29,23,40,31,0,14,14,13,20,10,8,0,12,19,39615,25020,37530,37530,58380,18765,56295,25020,39615,52125,25020,39615,37530,20850,45870,45870,60465,47955,83400,64635,0,29190,29190,27105,41700,20850,16680,0,25020,39615,351,340,326,312,286,297,271,262,246,231,257,241,231,228,216,197,170,151,118,91,0,30,28,26,22,26,19,0,72,77
60796925,Женский купальник слитный закрытый для бассейна новинки 2022 пляжный сплошной спортивный утягивающий,Женщинам/Пляжная мода/Купальники/Слитный купальник,DINARIN,ИП Абраамян Д С,"красный,черный",248,1,300,3595,3595,3091,3451.9143,315,1087353,1087353,"36245,1",0,0,https://www.wildberries.ru/catalog/60796925/detail.aspx,https://basket-04.wb.ru/vol607/part60796/60796925/images/c246x328/1.jpg,30,30,"10,5",5,50,3595,0,7190,24,2732,1,90,250,2,"10,5",Китай,Женский,2022-02-16,2022-02-18,12,0,0,"4,7",97,Белье / Слитный купальник,46,41,17,11,17,19,8,16,9,5,7,11,10,12,11,11,7,11,10,6,6,7,8,13,6,6,12,9,12,18,10,10,52547,34001,52547,58729,27608,55216,31059,17255,24157,37961,34510,41412,38753,38753,25165,39545,35950,21570,21570,25165,28760,46735,21570,21570,43140,32355,43140,64710,35950,35950,166,164,153,141,141,132,128,127,132,126,123,115,108,101,99,91,90,94,95,94,93,86,91,99,91,87,80,70,226,248
61076247,Купальник женский слитный большие размеры сплошной закрытый,Женщинам/Пляжная мода/Купальники/Слитный купальник,Я разная,Me Different,"черный,прозрачный,чернильный,иссиня-черный",285,0,1411,2088,2088,1392,1867.026,576,1075407,1075407,"35846,9",0,0,https://www.wildberries.ru/catalog/61076247/detail.aspx,https://basket-04.wb.ru/vol610/part61076/61076247/images/c246x328/1.jpg,30,30,"19,2",5,76,2088,0,8700,23,1607,1,90,66,2,"19,2",,Женский,2022-02-01,2022-02-03,8,0,1,"4,7",100,Белье / Слитный купальник,46,41,5,13,26,24,22,20,25,18,22,16,4,25,15,31,36,17,23,22,16,23,18,21,7,18,18,13,12,18,25,23,10005,26013,36192,33408,30624,27840,34800,25056,30624,32016,8004,50025,30015,62031,72036,34017,46023,44022,33408,48024,37584,43848,14616,37584,37584,27144,25056,37584,52200,48024,174,166,137,120,101,82,64,46,29,16,20,316,304,276,242,453,434,413,401,390,374,361,361,353,338,329,319,313,295,285
30973770,купальник раздельный женский пуш ап,Женщинам/Пляжная мода/Купальники/Раздельный купальник,Valery,Valery,розовый,91,0,613,3156,3156,2597,3044.2756,352,1071585,1071585,"35719,5",0,0,https://www.wildberries.ru/catalog/30973770/detail.aspx,https://basket-03.wb.ru/vol309/part30973/30973770/images/c246x328/1.jpg,30,30,"11,7333",5,63,3156,0,8530,24,2398,1,89,-1,0,"11,7333",Китай,Женский,2021-06-15,2021-06-26,10,0,1,"4,5",97,Белье / Раздельный купальник,42,38,19,22,11,11,4,10,14,8,13,13,12,11,9,8,6,10,7,8,13,6,13,5,11,12,17,15,12,19,15,18,49343,57134,34100,34100,12400,31000,43400,24800,40300,40300,37200,34100,27900,24800,18600,31000,21700,24800,40300,18600,40300,15500,34100,37200,52700,46500,37200,58900,46500,56808,74,55,49,141,144,135,120,116,99,92,83,77,70,67,66,66,180,182,174,180,173,175,166,163,151,137,128,117,105,91
30982922,Купальник слитный женский утягивающий сплошной закрытый пляж,Женщинам/Пляжная мода/Купальники/Слитный купальник,Aesthetic brand,ИП Корнюхин Михаил Сергеевич,"черный,белый",370,1,598,2505,2505,2505,2505.0,420,1052100,1052100,35070,0,0,https://www.wildberries.ru/catalog/30982922/detail.aspx,https://basket-03.wb.ru/vol309/part30982/30982922/images/c246x328/1.jpg,30,30,14,5,52,2505,0,5220,23,1929,1,90,101,2,14,Китай,Женский,2021-06-08,2021-06-19,19,0,1,"4,8",100,Белье / Слитный купальник,46,41,20,13,20,13,12,13,18,21,15,11,14,16,13,12,11,15,15,15,13,15,15,13,12,9,13,13,13,19,9,9,50100,32565,50100,32565,30060,32565,45090,52605,37575,27555,35070,40080,32565,30060,27555,37575,37575,37575,32565,37575,37575,32565,30060,22545,32565,32565,32565,47595,22545,22545,504,497,483,482,474,466,527,510,498,495,483,468,461,457,450,442,459,449,442,432,424,416,408,401,394,390,382,365,370,370
63002111,Купальник женский слитный закрытый для бассейна,Женщинам/Пляжная мода/Купальники/Слитный купальник,SiVMiA,Лапшина Светлана Сергеевна,черный,654,2,1219,2800,2800,2408,2594.5736,401,1040424,1040424,"34680,8",0,0,https://www.wildberries.ru/catalog/63002111/detail.aspx,https://basket-04.wb.ru/vol630/part63002/63002111/images/c246x328/1.jpg,30,30,"13,3667",5,72,2800,0,10000,23,2156,1,90,83,2,"13,3667",Китай,Женский,2022-02-14,2022-02-22,19,0,1,"4,6",97,Белье / Слитный купальник,46,41,24,8,19,29,18,13,14,18,21,19,15,10,14,13,9,7,18,11,7,11,14,11,7,9,12,5,18,10,9,8,57792,19264,45752,69832,43344,32760,35280,45360,52920,48412,38220,25760,37240,34580,23940,18620,47880,29260,18620,29876,38024,30184,19208,24696,33600,14000,50400,28000,25200,22400,290,312,299,269,254,246,232,219,200,312,327,322,312,455,445,444,427,422,422,414,406,403,402,429,419,420,405,512,655,654
41247797,Раздельный купальник,Женщинам/Пляжная мода/Купальники/Раздельный купальник,SWIMSWEET,ИП Шереметьева В В,хаки,51,1,766,4900,4900,4900,4900.0,212,1038800,1038800,"34626,6667",-0,-0,https://www.wildberries.ru/catalog/41247797/detail.aspx,https://basket-03.wb.ru/vol412/part41247/41247797/images/c246x328/1.jpg,30,30,"7,0667",5,0,4900,0,4900,24,3724,1,89,29,2,"7,0667",Россия,Женский,2021-10-07,2021-08-21,4,0,0,"4,7",80,Белье / Раздельный купальник,42,38,13,5,4,8,6,5,6,2,1,4,5,10,12,10,15,11,3,6,5,3,6,13,2,7,9,5,8,14,8,6,63700,24500,19600,39200,29400,24500,29400,9800,4900,19600,24500,49000,58800,49000,73500,53900,14700,29400,24500,14700,29400,63700,9800,34300,44100,24500,39200,68600,39200,29400,32,28,26,31,25,34,31,30,39,75,70,55,48,42,27,18,32,29,32,32,44,31,33,56,63,56,58,49,42,51
77174737,Женский закрытый купальник слитный утягивающий ,Женщинам/Пляжная мода/Купальники/Слитный купальник,EviKiSS,ИП Пегушина В Н,черный,111,0,174,3249,3249,3192,3205.0031,320,1025601,1025601,"34186,7",-0,-0,https://www.wildberries.ru/catalog/77174737/detail.aspx,https://basket-05.wb.ru/vol771/part77174/77174737/images/c246x328/1.jpg,30,30,"10,6667",5,43,3249,0,5700,24,2469,1,90,133,2,"10,6667",Китай,Женский,2022-05-19,2022-05-23,9,0,0,"4,6",77,Белье / Слитный купальник,46,41,16,10,7,12,8,10,11,9,5,8,8,6,11,10,15,12,8,17,7,10,18,11,6,12,15,8,10,19,11,10,51072,31920,22344,38304,25536,31920,35112,28728,15960,25536,25536,19152,35112,31920,47880,38304,25536,54264,22344,31920,57456,35112,19152,38304,48735,25992,32490,61731,35739,32490,181,178,175,167,160,156,144,137,135,135,129,126,122,157,141,132,125,107,105,167,153,147,149,145,132,132,125,108,113,111
46885614,Купальник для беременных слитный женский,Женщинам/Пляжная мода/Купальники/Слитный купальник,ChicCherry,ИП Сахатаров Вг,черный,187,0,342,3000,3100,3000,3014.1176,340,1024800,1024800,34160,0,0,https://www.wildberries.ru/catalog/46885614/detail.aspx,https://basket-04.wb.ru/vol468/part46885/46885614/images/c246x328/1.jpg,30,30,"11,3333",5,40,3000,0,5000,24,2280,1,90,37,2,"11,3333",Россия,Женский,2021-11-15,2021-11-26,9,0,1,"4,7",100,Белье / Слитный купальник,46,41,10,7,11,10,10,5,14,10,11,4,6,6,9,10,11,18,17,18,9,12,14,14,5,14,32,10,7,15,16,5,30000,21000,33000,30000,30000,15000,42000,30000,33000,12000,18000,18000,27000,30000,33000,54000,51000,54000,27000,36000,42000,42000,15000,42000,97600,31000,21700,46500,48000,15000,263,258,251,243,236,236,227,225,218,222,219,210,204,198,185,172,155,139,158,146,133,123,126,115,83,76,183,174,181,187
84856256,Купальник слитный женский корректирующий высокая посадка,Женщинам/Пляжная мода/Купальники/Слитный купальник,Delyamer swim,ИП Медведев А Л,"коричневый,черный",460,0,347,3031,3031,2467,2563.6045,397,1017751,1017751,"33925,0333",0,0,https://www.wildberries.ru/catalog/84856256/detail.aspx,https://basket-05.wb.ru/vol848/part84856/84856256/images/c246x328/1.jpg,30,30,"13,2333",5,57,3031,0,7050,24,2303,1,90,129,2,"13,2333",Китай,Женский,2022-06-03,2022-05-16,3,0,1,"4,8",100,Белье / Слитный купальник,46,41,17,17,12,11,6,11,16,12,19,8,21,11,13,11,16,17,14,18,11,21,18,8,17,4,11,14,9,11,12,11,41939,41939,29604,27137,14802,27137,39472,29604,46873,19736,51807,27137,32071,27137,39472,41939,34538,44406,27137,51807,44406,19736,41939,9868,33341,42434,27279,33341,36372,33341,452,436,427,418,418,433,417,470,452,450,429,424,441,495,488,478,464,452,442,418,417,410,395,401,450,443,449,460,462,460
72285278,Купальник раздельный женский корректирующий бразилиана,Женщинам/Пляжная мода/Купальники/Раздельный купальник,Delyamer swim,ИП Медведев А Л,черный,376,1,1336,3090,3090,2060,2429.1751,417,1012966,1012966,"33765,5333",0,0,https://www.wildberries.ru/catalog/72285278/detail.aspx,https://basket-05.wb.ru/vol722/part72285/72285278/images/c246x328/1.jpg,30,30,"13,9",5,40,3090,0,5150,24,2348,1,89,42,2,"13,9",Китай,Женский,2022-04-07,2022-04-13,5,0,1,"4,4",87,Белье / Раздельный купальник,42,38,9,12,14,10,4,4,11,9,8,13,8,8,14,17,17,23,33,30,20,28,18,21,20,16,11,12,7,12,3,5,23634,31512,36764,26260,10504,10504,28886,23634,21008,34138,21008,21008,36764,44642,44642,60398,67980,61800,41200,57680,37080,43260,41200,32960,33990,37080,21630,37080,9270,15450,525,517,510,505,507,505,496,492,488,480,477,470,465,452,442,412,356,325,308,283,320,300,282,271,301,305,312,355,367,376
77101020,Раздельный купальник женский для бассейна пляжа спортивный,Женщинам/Пляжная мода/Купальники/Раздельный купальник,MIMIGIRL,ИП Еремин Максим Златиславович,"черный,белый",397,0,178,3279,3279,2719,3083.1718,326,1005114,1005114,"33503,8",0,0,https://www.wildberries.ru/catalog/77101020/detail.aspx,https://basket-05.wb.ru/vol771/part77101/77101020/images/c246x328/1.jpg,30,30,"10,8667",4,59,3279,0,7998,24,2492,1,89,48,2,"10,8667",Китай,Женский,2022-05-01,2022-05-04,8,0,0,"4,7",90,Белье / Раздельный купальник,42,38,24,7,12,10,8,13,16,11,15,12,15,8,11,19,13,14,11,9,6,15,11,5,1,5,3,3,17,10,12,10,65256,20713,35508,29590,23672,38467,47344,32549,44385,36468,45585,24312,33429,57741,39507,43666,36069,29511,19674,49185,36069,16395,3279,16395,9837,9837,55743,32790,39348,32790,304,301,322,315,313,307,293,289,275,266,253,247,245,231,223,216,208,208,208,192,181,184,188,185,181,376,364,352,396,397
36120813,Купальник женский слитный с чашками для бассейна открытый,Женщинам/Пляжная мода/Купальники/Слитный купальник,Bona Fide,ИП Иванова Анна Владиславовна,коралловый,109,0,222,4950,4950,4950,4950.0,203,1004850,1004850,33495,0,0,https://www.wildberries.ru/catalog/36120813/detail.aspx,https://basket-03.wb.ru/vol361/part36120/36120813/images/c246x328/1.jpg,30,30,"6,7667",4,0,4950,0,4950,24,3762,1,90,137,2,"6,7667",Россия,Женский,2021-08-08,2021-08-28,15,0,1,"4,4",97,Белье / Слитный купальник,46,41,9,6,9,6,7,5,9,9,4,5,8,2,7,21,13,3,5,11,3,4,9,8,2,2,12,5,6,4,7,2,44550,29700,44550,29700,34650,24750,44550,44550,19800,24750,39600,9900,34650,103950,64350,14850,24750,54450,14850,19800,44550,39600,9900,9900,59400,24750,29700,19800,34650,9900,160,155,151,148,144,145,140,131,133,132,128,127,124,107,100,101,96,90,88,88,81,73,81,112,101,99,108,111,110,109
